article_id,source,title,source_url,destination,destination_evidence,destination_score,destination_status,travel_theme,theme_evidence,theme_score,theme_status,validated_destination,validated_travel_theme,review_note
VNTRIP_e292c1570704,VNTRIP,ATADI.VN – MỞ RA KỶ NGUYÊN DU LỊCH MỚI TRONG HỆ SINH THÁI VNTRIP,https://www.vntrip.vn/cam-nang/atadi-vn-mo-ra-ky-nguyen-du-lich-moi-trong-he-sinh-thai-vntrip-122698,Khác,,0,needs_review,Khác,,0,needs_review,,,
VNTRIP_a5125a054e2d,VNTRIP,Vntrip TMS – Giải pháp quản trị công tác và du lịch toàn diện cho doanh nghiệp hiện đại,https://www.vntrip.vn/cam-nang/vntrip-tms-giai-phap-quan-tri-cong-tac-va-du-lich-toan-dien-cho-doanh-nghiep-hien-dai-122691,Khác,,0,needs_review,Khác,,0,needs_review,,,
VNTRIP_b8e8fb9b5682,VNTRIP,Chuyện chiếc bánh mì và bài học về sự tận tâm – Văn hóa phục vụ khách hàng tại VNTRIP TMS,https://www.vntrip.vn/cam-nang/chuyen-chiec-banh-mi-va-bai-hoc-ve-su-tan-tam-van-hoa-phuc-vu-khach-hang-tai-vntrip-tms-122685,Khác,,0,needs_review,Thiên nhiên - khám phá,hang,4,needs_review,,,
VNTRIP_dfd03a4eb676,VNTRIP,EMS – “Trợ lý tài chính AI” giúp doanh nghiệp cắt giảm chi phí & tăng tốc vận hành,https://www.vntrip.vn/cam-nang/ems-tro-ly-tai-chinh-ai-giup-doanh-nghiep-cat-giam-chi-phi-tang-toc-van-hanh-122680,Đà Nẵng,đà nẵng,1,auto,Biển - đảo,đảo,2,auto,,,
VNTRIP_f79d32fc4eee,VNTRIP,VNTRIP TMS – GIẢI PHÁP TỐI ƯU CHI PHÍ CÔNG TÁC CHO DOANH NGHIỆP,https://www.vntrip.vn/cam-nang/vntrip-tms-giai-phap-toi-uu-chi-phi-cong-tac-cho-doanh-nghiep-122656,Khác,,0,needs_review,Khác,,0,needs_review,,,
VNTRIP_969ad3761c73,VNTRIP,4 điểm ‘săn’ tuyết siêu đẹp cực gần Việt Nam,https://www.vntrip.vn/cam-nang/4-diem-san-tuyet-sieu-dep-cuc-gan-viet-nam-122640,Khác,,0,needs_review,Khác,,0,needs_review,,,
VNTRIP_1ecc913e8e82,VNTRIP,Một buổi sáng lịch sử: Trải nghiệm Lễ diễu binh Quốc khánh tại Hà Nội,https://www.vntrip.vn/cam-nang/mot-buoi-sang-lich-su-trai-nghiem-le-dieu-binh-quoc-khanh-tai-ha-noi-122634,Hà Nội,hà nội,4,auto,Biển - đảo,đảo,1,auto,,,
VNTRIP_18ea7029a4a9,VNTRIP,Hà Nội rực rỡ ngày Quốc khánh – Trọn vẹn trải nghiệm Lễ diễu binh 2/9,https://www.vntrip.vn/cam-nang/ha-noi-ruc-ro-ngay-quoc-khanh-tron-ven-trai-nghiem-le-dieu-binh-2-9-122632,Hà Nội,hà nội,3,auto,Khác,,0,needs_review,,,
VNTRIP_b4a886e6c9db,VNTRIP,Những điểm du lịch tránh nắng lý tưởng cho tháng 8: 4 lựa chọn mát mẻ và đáng đi nhất,https://www.vntrip.vn/cam-nang/nhung-diem-du-lich-tranh-nang-ly-tuong-cho-thang-8-4-lua-chon-mat-me-va-dang-di-nhat-122624,Khác,,0,needs_review,Thiên nhiên - khám phá,hang,4,needs_review,,,
VNTRIP_2a77be301bb1,VNTRIP,"🇻🇳 VIỆT NAM – THIÊN ĐƯỜNG “RẺ, ĂN NGON” HÀNG ĐẦU ĐÔNG NAM Á MÀ BẠN KHÔNG THỂ BỎ QUA",https://www.vntrip.vn/cam-nang/%f0%9f%87%bb%f0%9f%87%b3-viet-nam-thien-duong-re-an-ngon-hang-dau-dong-nam-a-ma-ban-khong-the-bo-qua-122618,Khác,,0,needs_review,Thiên nhiên - khám phá,"hang, thiên nhiên",4,needs_review,,,
VNTRIP_124fae8e0e76,VNTRIP,"Nhật Bản tháng 7 – Mùa hè lễ hội, pháo hoa và trải nghiệm thiên nhiên xanh mát",https://www.vntrip.vn/cam-nang/nhat-ban-thang-7-mua-he-le-hoi-phao-hoa-va-trai-nghiem-thien-nhien-xanh-mat-122608,Khác,,0,needs_review,Thiên nhiên - khám phá,"hang, thiên nhiên",7,needs_review,,,
VNTRIP_77f8f05155da,VNTRIP,Vụ tai nạn lật tàu du lịch ở Vịnh Hạ Long: Cập nhật thông tin và những nỗ lực cứu hộ đầy nhân văn,https://www.vntrip.vn/cam-nang/vu-tai-nan-lat-tau-du-lich-o-vinh-ha-long-cap-nhat-thong-tin-va-nhung-no-luc-cuu-ho-day-nhan-van-122606,Hạ Long,"hạ long, ha long",8,auto,Biển - đảo,biển,1,auto,,,
VNTRIP_4feccaa0ec29,VNTRIP,"Cặp đôi nên đi đâu tháng 7? 5 hành trình lãng mạn, riêng tư và chill nhất mùa hè",https://www.vntrip.vn/cam-nang/cap-doi-nen-di-dau-thang-7-5-hanh-trinh-lang-man-rieng-tu-va-chill-nhat-mua-he-122602,Khác,,0,needs_review,Thiên nhiên - khám phá,hang,4,needs_review,,,
VNTRIP_20d62a77db18,VNTRIP,Check-in lễ hội biển Bình Định: Thiên đường mới nổi hè 2025,https://www.vntrip.vn/cam-nang/check-in-le-hoi-bien-binh-dinh-thien-duong-moi-noi-he-2025-122599,Khác,,0,needs_review,Biển - đảo,"biển, đảo",5,needs_review,,,
VNTRIP_1377ea72cce6,VNTRIP,Kinh nghiệm khám phá Hạ Long 2025: Trọn vẹn hành trình kỳ quan giữa lòng biển,https://www.vntrip.vn/cam-nang/kinh-nghiem-du-lich-ha-long-2025-122597,Hạ Long,"hạ long, ha long",10,auto,Biển - đảo,biển,3,needs_review,,,
VNTRIP_05b45505ecb1,VNTRIP,Vietnam Airlines điều chỉnh khai thác do sân bay Vinh tạm đóng cửa trong 6 tháng,https://www.vntrip.vn/cam-nang/vietnam-airlines-dieu-chinh-khai-thac-do-san-bay-vinh-tam-dong-cua-trong-6-thang-122590,Khác,,0,needs_review,Thiên nhiên - khám phá,"hang, thác",7,auto,,,
VNTRIP_233724a976d0,VNTRIP,Trốn nóng lên Đà Lạt tháng 6 – Khi mùa hè cũng trở nên dịu dàng,https://www.vntrip.vn/cam-nang/tron-nong-len-da-lat-thang-6-khi-mua-he-cung-tro-nen-diu-dang-122588,Đà Lạt,đà lạt,4,auto,Thiên nhiên - khám phá,hang,4,needs_review,,,
VNTRIP_03d4d0959f3e,VNTRIP,"Mộc Châu tháng 6: Hái mận – Săn mây, hành trình chạm vào vẻ đẹp hoang sơ của núi rừng Tây Bắc",https://www.vntrip.vn/cam-nang/moc-chau-thang-6-hai-man-san-may-hanh-trinh-cham-vao-ve-dep-hoang-so-cua-nui-rung-tay-bac-122586,Khác,,0,needs_review,Thiên nhiên - khám phá,"núi, hang",9,needs_review,,,
VNTRIP_ab0afa7777cd,VNTRIP,Hè 2025 đi đâu? Gợi ý 7 bãi biển đẹp ở Việt Nam bạn không thể bỏ lỡ,https://www.vntrip.vn/cam-nang/he-2025-di-dau-goi-y-7-bai-bien-dep-o-viet-nam-ban-khong-the-bo-lo-122582,Khác,,0,needs_review,Biển - đảo,biển,4,auto,,,
VNTRIP_a4cdcf4929a9,VNTRIP,HƯỚNG DẪN DU LỊCH BẮC GIANG MÙA VẢI: CHỤP HÌNH ĐẸP – ĂN VẢI NGỌT – TRẢI NGHIỆM NHỚ ĐỜI,https://www.vntrip.vn/cam-nang/huong-dan-du-lich-bac-giang-mua-vai-chup-hinh-dep-an-vai-ngot-trai-nghiem-nho-doi-122580,Khác,,0,needs_review,Biển - đảo,đảo,1,needs_review,,,
VNTRIP_c4667d05eef6,VNTRIP,Bamboo tặng 20 kg hành lý khi bay đến Thái Lan!,https://www.vntrip.vn/cam-nang/bamboo-tang-20-kg-hanh-ly-khi-bay-den-thai-lan-122577,Khác,,0,needs_review,Thiên nhiên - khám phá,hang,1,auto,,,
VNTRIP_ae5ee9371c4a,VNTRIP,Tạm dừng tham quan Cột cờ Lũng Cú,https://www.vntrip.vn/cam-nang/tam-dung-tham-quan-cot-co-lung-cu-122574,Hà Giang,"hà giang, ha giang",2,auto,Biển - đảo,đảo,1,auto,,,
VNTRIP_d5b7431aa948,VNTRIP,Michelin vinh danh 181 nhà hàng và quán ăn ở Việt Nam năm 2025,https://www.vntrip.vn/cam-nang/michelin-vinh-danh-181-nha-hang-va-quan-an-o-viet-nam-nam-2025-122569,Khác,,0,needs_review,Thiên nhiên - khám phá,hang,5,needs_review,,,
VNTRIP_78151f4d5943,VNTRIP,"BAY PHỔ THÔNG, TRẢI NGHIỆM THƯƠNG GIA CÙNG VNtrip và BAMBOO AIRWAYS",https://www.vntrip.vn/cam-nang/bay-pho-thong-trai-nghiem-thuong-gia-cung-bamboo-airways-122528,Khác,,0,needs_review,Khác,,0,needs_review,,,
VNTRIP_2d3963d6e404,VNTRIP,Tour mùa xuân 2024 – Ưu đãi từ Vntrip,https://www.vntrip.vn/cam-nang/tour-mua-xuan-2024-uu-dai-tu-vntrip-122333,Khác,,0,needs_review,Khác,,0,needs_review,,,
VNTRIP_8eaecb8c4fb5,VNTRIP,Trải nghiệm chương trình team building kick off 2024 thật khác biệt từ VNTRIP,https://www.vntrip.vn/cam-nang/trai-nghiem-chuong-trinh-team-building-kick-off-2024-that-khac-biet-tu-vntrip-122328,Khác,,0,needs_review,Biển - đảo,đảo,1,auto,,,
VNTRIP_b295535f0a0d,VNTRIP,Cầu Kiss Bridge – Cầu Cầu Hôn tại Phú Quốc -Kinh nghiệm khám phá,https://www.vntrip.vn/cam-nang/cau-hon-phu-quoc-kiss-bridge-bieu-tuong-moi-cua-du-lich-viet-nam-122303,Phú Quốc,"phú quốc, phu quoc",8,auto,Khác,,0,needs_review,,,
VNTRIP_f86908f1e73a,VNTRIP,Hà Nội ra mắt 15 sản phẩm du lịch đêm,https://www.vntrip.vn/cam-nang/ha-noi-ra-mat-15-san-pham-du-lich-dem-122253,Hà Nội,hà nội,4,auto,Biển - đảo,đảo,1,auto,,,
VNTRIP_f3a3bfb052bd,VNTRIP,"Năm 2045, Măng Đen trở thành trung tâm du lịch, nghỉ dưỡng tầm cỡ khu vực",https://www.vntrip.vn/cam-nang/nam-2045-mang-den-tro-thanh-trung-tam-du-lich-nghi-duong-tam-co-khu-vuc-122250,Khác,,0,needs_review,Nghỉ dưỡng,nghỉ dưỡng,3,auto,,,
VNTRIP_e04a98efdd5b,VNTRIP,Những ngôi làng cổ ở Hà Giang nhất định phải ghé thăm!,https://www.vntrip.vn/cam-nang/nhung-ngoi-lang-co-o-ha-giang-nhat-dinh-phai-ghe-tham-122231,Hà Giang,"hà giang, ha giang",8,auto,Văn hóa - di sản,cố đô,3,auto,,,
VNTRIP_c0b57fcdf373,VNTRIP,Đến Đà Lạt tháng 10 có gì hay?,https://www.vntrip.vn/cam-nang/den-da-lat-thang-10-co-gi-hay-122194,Đà Lạt,đà lạt,5,auto,Thiên nhiên - khám phá,hang,6,needs_review,,,
VNTRIP_4c9475b1d507,VNTRIP,Ưu đãi tháng 9 từ Bamboo,https://www.vntrip.vn/cam-nang/uu-dai-thang-9-tu-bamboo-122173,Khác,,0,needs_review,Thiên nhiên - khám phá,"núi, hang",4,auto,,,
VNTRIP_3e7e6e4d2710,VNTRIP,CHILL MÙA THU CÙNG BAMBOO AIRWAYS,https://www.vntrip.vn/cam-nang/chill-mua-thu-cung-bamboo-airways-122170,Khác,,0,needs_review,Khác,,0,needs_review,,,
VNTRIP_4a05273c92b3,VNTRIP,Bay Bamboo tưng bừng – Chào mừng Quốc Khánh 🇻🇳🇻🇳,https://www.vntrip.vn/cam-nang/bay-bamboo-tung-bung-chao-mung-quoc-khanh-%f0%9f%87%bb%f0%9f%87%b3%f0%9f%87%bb%f0%9f%87%b3-122159,Khác,,0,needs_review,Biển - đảo,đảo,4,auto,,,
VNTRIP_d30aa111c857,VNTRIP,[VNTRIP x ZALOPAY] ƯU ĐÃI CHÀO MỪNG QUỐC KHÁNH 2/9,https://www.vntrip.vn/cam-nang/uu-dai-quoc-khanh-122155-122155,Khác,,0,needs_review,Biển - đảo,đảo,4,auto,,,
VNTRIP_3c5646795e0e,VNTRIP,Vé Bamboo giảm tới 20%,https://www.vntrip.vn/cam-nang/ve-bamboo-giam-toi-20-122144,Khác,,0,needs_review,Khác,,0,needs_review,,,
VNTRIP_ba41f53a5e2a,VNTRIP,Ưu đãi Quốc Khánh từ Zalo Pay và VNTRIP,https://www.vntrip.vn/cam-nang/uu-dai-quoc-khanh-tu-zalo-pay-va-vntrip-122138,Khác,,0,needs_review,Khác,,0,needs_review,,,
VNTRIP_e38cfebca831,VNTRIP,Tưng Bừng Sinh Nhật – VNTRIP và Bamboo ưu đãi cực chất đến 188k/khách/chiều,https://www.vntrip.vn/cam-nang/sinh-nhat-bamboo-122134,Khác,,0,needs_review,Khác,,0,needs_review,,,
VNTRIP_aad384c3392b,VNTRIP,Sá sùng – ” Vàng ròng” tại Quảng Ninh,https://www.vntrip.vn/cam-nang/sa-sung-vang-rong-tai-quang-ninh-122130,Khác,,0,needs_review,Biển - đảo,biển,1,auto,,,
VNTRIP_5d099ee98300,VNTRIP,Liên hoan Ẩm thực quốc tế – Quảng Nam 2023 diễn ra từ ngày 31/8 – 3/9/2023,https://www.vntrip.vn/cam-nang/lien-hoan-am-thuc-quoc-te-quang-nam-2023-dien-ra-tu-ngay-31-8-3-9-2023-122128,Khác,,0,needs_review,Ẩm thực,ẩm thực,4,auto,,,
VNTRIP_bd7f07bcafef,VNTRIP,"Bạn mới deal hời, Nhập Mã BẠNIU giảm 50% tối đa 50.000đ",https://www.vntrip.vn/cam-nang/ban-moi-deal-hoi-nhap-ma-baniu-giam-50-toi-da-50-000d-122121,Khác,,0,needs_review,Biển - đảo,đảo,3,needs_review,,,
VNTRIP_9987377c99a8,VNTRIP,Lương về tay – Bay mê say cùng Vntrip và Bamboo Airways,https://www.vntrip.vn/cam-nang/122112-122112,Khác,,0,needs_review,Khác,,0,needs_review,,,
VNTRIP_26e57123a594,VNTRIP,"VI VU THÁI LAN, NGẬP TRÀN ƯU ĐÃI",https://www.vntrip.vn/cam-nang/vi-vu-thai-lan-ngap-tran-uu-dai-122097,Khác,,0,needs_review,Khác,,0,needs_review,,,
VNTRIP_4e497fa1f185,VNTRIP,"HÈ SÔI ĐỘNG, GIÁ CHẤN ĐỘNG",https://www.vntrip.vn/cam-nang/he-soi-dong-gia-chan-dong-122092,Khác,,0,needs_review,Khác,,0,needs_review,,,
VNTRIP_497609b986c1,VNTRIP,"9 khách sạn hạng sang tại Việt Nam được Michelin Guide gọi tên, bạn đã trải nghiệm?",https://www.vntrip.vn/cam-nang/9-khach-san-hang-sang-tai-viet-nam-duoc-michelin-guide-goi-ten-ban-da-trai-nghiem-122083,Khác,,0,needs_review,Thiên nhiên - khám phá,hang,3,needs_review,,,
VNTRIP_26eeed74fe9d,VNTRIP,Bỏ ra 250.000 USD theo tour mạo hiểm Ngắm xác tàu Titanic,https://www.vntrip.vn/cam-nang/bo-ra-250-000-usd-theo-tour-mao-hiem-ngam-xac-tau-titanic-122079,Khác,,0,needs_review,Biển - đảo,"biển, đảo",5,auto,,,
VNTRIP_9092d874759e,VNTRIP,Đến Ninh Bình nhất định phải thử món ăn sau.,https://www.vntrip.vn/cam-nang/den-ninh-binh-nhat-dinh-phai-thu-mon-an-sau-122035,Ninh Bình,"ninh bình, ninh binh",8,auto,Ẩm thực,"ẩm thực, món ăn",4,auto,,,
VNTRIP_d0490aa7c8f6,VNTRIP,Ưu đãi Vé Bamboo từ Vntrip Hè 2023,https://www.vntrip.vn/cam-nang/uu-dai-ve-bamboo-tu-vntrip-he-2023-122031,Khác,,0,needs_review,Khác,,0,needs_review,,,
VNTRIP_df1488cd9afa,VNTRIP,16 quán cà phê đẹp “nhức nách” ở Măng Đen không thể bỏ qua 2023,https://www.vntrip.vn/cam-nang/16-quan-ca-phe-dep-nhuc-nach-o-mang-den-khong-the-bo-qua-2023-121950,Khác,,0,needs_review,Ẩm thực,cà phê,5,needs_review,,,
VNTRIP_bfbd3e0c20bc,VNTRIP,6 địa điểm check in gây sốt cộng đồng mạng năm 2023 ở Đà Lạt,https://www.vntrip.vn/cam-nang/6-dia-diem-check-in-gay-sot-cong-dong-mang-nam-2023-o-da-lat-121960,Đà Lạt,đà lạt,5,auto,Khác,,0,needs_review,,,
VNTRIP_7b68fcebcf01,VNTRIP,Hội An không bắt buộc khách lẻ mua vé vào phố cổ,https://www.vntrip.vn/cam-nang/hoi-an-khong-bat-buoc-khach-le-mua-ve-vao-pho-co-121963,Hội An,"hội an, hoi an",6,auto,Biển - đảo,đảo,4,auto,,,
VNTRIP_8444ed920595,VNTRIP,16 món đặc sản Huế “nhất định không thể bỏ qua” khi đến thăm đất Cố đô,https://www.vntrip.vn/cam-nang/16-mon-dac-san-hue-nhat-dinh-khong-the-bo-qua-khi-den-tham-dat-co-do-121843,Huế,"huế, hue",10,auto,Văn hóa - di sản,cố đô,3,auto,,,
VNTRIP_c7f8c9f54530,VNTRIP,Kinh nghiệm du lịch lễ hội Đền Hùng 2023,https://www.vntrip.vn/cam-nang/kinh-nghiem-du-lich-le-hoi-den-hung-2023-121910,Khác,,0,needs_review,Lễ hội - sự kiện,lễ hội,4,needs_review,,,
VNTRIP_321d775ef88b,VNTRIP,5 khách sạn sang trọng nhất Việt Nam 2023,https://www.vntrip.vn/cam-nang/5-khach-san-sang-trong-nhat-viet-nam-2023-121700,Đà Nẵng,đà nẵng,1,auto,Nghỉ dưỡng,resort,1,auto,,,
VNTRIP_59294e658dd6,VNTRIP,5 nhà hàng lợn cắp nách Sapa ngon chất lượng nhất 2023,https://www.vntrip.vn/cam-nang/5-nha-hang-lon-cap-nach-sapa-ngon-chat-luong-nhat-2023-121768,Sa Pa,"sa pa, sapa",5,auto,Thiên nhiên - khám phá,hang,3,auto,,,
VNTRIP_ae30fd9b1bb5,VNTRIP,"An Giang ăn gì? Top 5 nhà hàng “nổi tiếng” nhất Long Xuyên, An Giang",https://www.vntrip.vn/cam-nang/an-giang-an-gi-top-5-nha-hang-noi-tieng-nhat-long-xuyen-an-giang-121778,Khác,,0,needs_review,Thiên nhiên - khám phá,hang,5,needs_review,,,
VNTRIP_794bcb3dbe09,VNTRIP,Chiêm ngưỡng Đại Bảo Tháp Kinh Luân dát vàng lớn nhất thế giới tại Đà Lạt,https://www.vntrip.vn/cam-nang/chiem-nguong-dai-bao-thap-kinh-luan-dat-vang-lon-nhat-the-gioi-tai-da-lat-121799,Đà Lạt,đà lạt,4,auto,Biển - đảo,đảo,6,needs_review,,,
VNTRIP_89994ddbb845,VNTRIP,10 quán ăn “ngon bổ rẻ” ở Tuy Hòa không thể bỏ qua,https://www.vntrip.vn/cam-nang/10-quan-an-ngon-bo-re-o-tuy-hoa-khong-the-bo-qua-121750,Khác,,0,needs_review,Ẩm thực,ẩm thực,1,auto,,,
VNTRIP_003cb125038c,VNTRIP,Điểm danh 8 loài hoa Tháng 4 nở rộ khắp 3 miền 2023,https://www.vntrip.vn/cam-nang/diem-danh-8-loai-hoa-thang-4-no-ro-khap-3-mien-2023-121672,Khác,,0,needs_review,Thiên nhiên - khám phá,hang,6,auto,,,
VNTRIP_d42ffeddc637,VNTRIP,Review du lịch Nhật Bản tự túc mùa đông 8 ngày 7 đêm,https://www.vntrip.vn/cam-nang/review-tu-tuc-nhat-ban-mua-dong-8-ngay-7-dem-121635,Khác,,0,needs_review,Khác,,0,needs_review,,,
VNTRIP_7a72344b740e,VNTRIP,Đón bình minh trên biển Cần Giờ,https://www.vntrip.vn/cam-nang/don-binh-minh-tren-bien-can-gio-121612,Khác,,0,needs_review,Biển - đảo,biển,4,auto,,,
VNTRIP_22aa6c37ad76,VNTRIP,Macau khôi phục các chuyến bay đến Đà Nẵng trong tháng Ba,https://www.vntrip.vn/cam-nang/macau-khoi-phuc-cac-chuyen-bay-den-da-nang-trong-thang-ba-121604,Đà Nẵng,đà nẵng,4,auto,Thiên nhiên - khám phá,hang,5,needs_review,,,
VNTRIP_5242b98b7beb,VNTRIP,Mộc Châu mùa hoa thương nhớ,https://www.vntrip.vn/cam-nang/moc-chau-mua-hoa-thuong-nho-121591,Hà Nội,hà nội,1,auto,Biển - đảo,đảo,2,auto,,,
VNTRIP_3a5a2bd05540,VNTRIP,Tháng 3 đi đâu du lịch là tuyệt nhất?,https://www.vntrip.vn/cam-nang/thang-3-di-dau-du-lich-la-tuyet-nhat-121559,Phú Quốc,"phú quốc, phu quoc",2,needs_review,Thiên nhiên - khám phá,hang,4,needs_review,,,
VNTRIP_362c3543ded2,VNTRIP,Cách Thái Lan khiến khách Việt quay lại nhiều lần,https://www.vntrip.vn/cam-nang/cach-thai-lan-khien-khach-viet-quay-lai-nhieu-lan-121555,Khác,,0,needs_review,Khác,,0,needs_review,,,
VNTRIP_3ff82cef8be0,VNTRIP,Du lịch Mộc Châu tháng 3 có gì? Những điều cần chuẩn bị khi đi Mộc Châu,https://www.vntrip.vn/cam-nang/du-lich-moc-chau-thang-3-co-gi-nhung-dieu-can-chuan-bi-khi-di-moc-chau-121481,Khác,,0,needs_review,Thiên nhiên - khám phá,"hang, thiên nhiên",5,needs_review,,,
VNTRIP_615a743e5fb1,VNTRIP,Điểm đến tâm linh nổi tiếng ở Thái Nguyên,https://www.vntrip.vn/cam-nang/diem-den-tam-linh-noi-tieng-o-thai-nguyen-121541,Khác,,0,needs_review,Thiên nhiên - khám phá,"núi, hang",2,auto,,,
VNTRIP_f740f160d338,VNTRIP,Bình chọn cho Du lịch Việt Nam tại Giải thưởng Du lịch thế giới 2023,https://www.vntrip.vn/cam-nang/binh-chon-cho-du-lich-viet-nam-tai-giai-thuong-du-lich-the-gioi-2023-121537,Khác,,0,needs_review,Khác,,0,needs_review,,,
VNTRIP_6f3e1e14cce2,VNTRIP,"Việt Nam là điểm đến ưa thích của thị trường khách Hàn Quốc, Nhật Bản và Đài Loan",https://www.vntrip.vn/cam-nang/viet-nam-la-diem-den-ua-thich-cua-thi-truong-khach-han-quoc-nhat-ban-va-dai-loan-121534,Khác,,0,needs_review,Biển - đảo,đảo,1,needs_review,,,
VNTRIP_d34577a418dd,VNTRIP,“Sắc mận cao nguyên trắng” làm say lòng du khách,https://www.vntrip.vn/cam-nang/sac-man-cao-nguyen-trang-lam-say-long-du-khach-121528,Khác,,0,needs_review,Biển - đảo,đảo,5,needs_review,,,
VNTRIP_cf75f9229b6b,VNTRIP,Thời điểm đặt phòng khách sạn để có giá tốt nhất,https://www.vntrip.vn/cam-nang/thoi-diem-dat-phong-khach-san-de-co-gia-tot-nhat-121525,Khác,,0,needs_review,Thiên nhiên - khám phá,hang,1,auto,,,
VNTRIP_938784f1c443,VNTRIP,Về Nam Ô xem làng chài cổ,https://www.vntrip.vn/cam-nang/ve-nam-o-xem-lang-chai-co-121505,Khác,,0,needs_review,Văn hóa - di sản,văn hóa,1,auto,,,
VNTRIP_611e619e1a39,VNTRIP,Vi vu Bamboo – Bùng nổ ưu đãi – Chỉ duy nhất trên Vntrip!,https://www.vntrip.vn/cam-nang/vi-vu-bamboo-bung-no-uu-dai-chi-duy-nhat-tren-vntrip-121499,Khác,,0,needs_review,Khác,,0,needs_review,,,
VNTRIP_899e02f03b4d,VNTRIP,Du lịch Sapa tháng 3 có gì?,https://www.vntrip.vn/cam-nang/du-lich-sapa-thang-3-co-gi-121455,Sa Pa,sapa,5,auto,Thiên nhiên - khám phá,"hang, thiên nhiên",5,auto,,,
VNTRIP_9f4032e4bf7a,VNTRIP,Lý do khiến núi thiêng Bà Đen (Tây Ninh) đón lượng khách kỷ lục trong tháng Giêng,https://www.vntrip.vn/cam-nang/ly-do-khien-nui-thieng-ba-den-tay-ninh-don-luong-khach-ky-luc-trong-thang-gieng-121487,Khác,,0,needs_review,Thiên nhiên - khám phá,"núi, hang",8,auto,,,
VNTRIP_215ee034f1b7,VNTRIP,Tháng 3 nên đi du lịch ở đâu miền Bắc?,https://www.vntrip.vn/cam-nang/thang-3-nen-di-du-lich-o-dau-mien-bac-121467,Khác,,0,needs_review,Thiên nhiên - khám phá,hang,4,auto,,,
VNTRIP_6ca229285d89,VNTRIP,"Đà Lạt muốn mở casino, chợ đêm",https://www.vntrip.vn/cam-nang/da-lat-muon-mo-casino-cho-dem-121446,Đà Lạt,đà lạt,5,auto,Khác,,0,needs_review,,,
VNTRIP_0451369c34b6,VNTRIP,Đà Lạt: Đèo Prenn sẽ ‘đóng’ để thi công sau Tết Nguyên đán,https://www.vntrip.vn/cam-nang/da-lat-deo-prenn-se-dong-de-thi-cong-sau-tet-nguyen-dan-121346,Đà Lạt,đà lạt,4,auto,Biển - đảo,đảo,1,auto,,,
VNTRIP_a0f0a5952646,VNTRIP,Du Xuân Quý Mão: Những ngôi chùa nổi tiếng ở TP.HCM,https://www.vntrip.vn/cam-nang/du-xuan-quy-mao-nhung-ngoi-chua-noi-tieng-o-tp-hcm-121329,Khác,,0,needs_review,Biển - đảo,đảo,5,auto,,,
VNTRIP_c2004532809b,VNTRIP,"Mai anh đào bung nở rực rỡ, khách du lịch đổ về Đà Lạt chiêm ngưỡng",https://www.vntrip.vn/cam-nang/mai-anh-dao-bung-no-ruc-ro-khach-du-lich-do-ve-da-lat-chiem-nguong-121393,Đà Lạt,đà lạt,4,auto,Biển - đảo,đảo,5,auto,,,
VNTRIP_e81f962a0ef4,VNTRIP,Khuyến mãi bay Bamboo Airways giảm ngay 20% trên Vntrip.vn,https://www.vntrip.vn/cam-nang/khuyen-mai-bay-bamboo-airways-giam-ngay-20-tren-vntrip-vn-121301,Khác,,0,needs_review,Khác,,0,needs_review,,,
VNTRIP_7d8f2e3be365,VNTRIP,Hội An lọt danh sách 25 thành phố đẹp nhất thế giới,https://www.vntrip.vn/cam-nang/hoi-an-lo%cc%a3t-danh-sach-25-thanh-pho-dep-nhat-the-gioi-121282,Hội An,"hội an, hoi an",8,auto,Biển - đảo,đảo,1,auto,,,
VNTRIP_9dfbb8704457,VNTRIP,Du xuân Măng Đen ngắm mai anh đào,https://www.vntrip.vn/cam-nang/du-xuan-mang-den-ngam-mai-anh-dao-121263,Khác,,0,needs_review,Biển - đảo,đảo,5,needs_review,,,
VNTRIP_7f603271df5b,VNTRIP,Những địa điểm du lịch đầu năm miền Bắc nên đi một lần trong đời,https://www.vntrip.vn/cam-nang/nhung-dia-diem-du-lich-dau-nam-mien-bac-nen-di-mot-lan-trong-doi-121215,Khác,,0,needs_review,Khác,,0,needs_review,,,
VNTRIP_5e2cda970b89,VNTRIP,Hành trình Nối dài yêu thương – Xuân về trên Thèn Chu Phìn,https://www.vntrip.vn/cam-nang/hanh-trinh-noi-dai-yeu-thuong-xuan-ve-tren-then-chu-phin-121285,Hà Giang,"hà giang, ha giang",2,auto,Biển - đảo,đảo,3,needs_review,,,
VNTRIP_32f830672dc2,VNTRIP,Top 5 phần mềm quản lý nhân sự doanh nghiệp nên dùng trong năm 2023,https://www.vntrip.vn/cam-nang/top-5-phan-mem-quan-ly-nhan-su-doanh-nghiep-nen-dung-trong-nam-2023-121240,Khác,,0,needs_review,Biển - đảo,đảo,1,auto,,,
VNTRIP_ad8ee2648dbc,VNTRIP,Những điểm du Xuân thú vị ở Nghệ An,https://www.vntrip.vn/cam-nang/nhung-diem-du-xuan-thu-vi-o-nghe-an-121204,Khác,,0,needs_review,Biển - đảo,đảo,2,auto,,,
VNTRIP_5a318ca3500c,VNTRIP,Chuẩn bị đón du khách Trung Quốc,https://www.vntrip.vn/cam-nang/chuan-bi-don-du-khach-trung-quoc-121197,Khác,,0,needs_review,Khác,,0,needs_review,,,
VNTRIP_2dcc326cd9ae,VNTRIP,Du khách tấp nập ‘săn mây’ trên đỉnh Fansipan,https://www.vntrip.vn/cam-nang/du-khach-tap-nap-san-may-tren-dinh-fansipan-121169,Sa Pa,sapa,1,auto,Biển - đảo,đảo,2,needs_review,,,
VNTRIP_c520266d78cd,VNTRIP,Travel off Path bình chọn thành phố Hồ Chí Minh là điểm đến xu hướng hàng đầu châu Á năm 2023,https://www.vntrip.vn/cam-nang/travel-off-path-binh-cho%cc%a3n-thanh-pho-ho-chi-minh-la-diem-den-xu-huong-hang-dau-chau-a-nam-2023-121157,TP. Hồ Chí Minh,"hồ chí minh, ho chi minh",8,auto,Thiên nhiên - khám phá,hang,5,auto,,,
VNTRIP_c7d7464d65b7,VNTRIP,"Phú Quốc, Đà Lạt, Sa Pa “cháy phòng” dịp Tết Dương lịch 2023",https://www.vntrip.vn/cam-nang/phu-quoc-da-lat-sa-pa-chay-phong-dip-tet-duong-lich-2023-121143,Phú Quốc,"phú quốc, phu quoc",8,needs_review,Khác,,0,needs_review,,,
VNTRIP_f2882a2bced8,VNTRIP,10 địa điểm đón giao thừa tuyệt vời nhất thế giới,https://www.vntrip.vn/cam-nang/10-dia-diem-don-giao-thua-tuyet-voi-nhat-the-gioi-121131,Khác,,0,needs_review,Biển - đảo,đảo,4,auto,,,
VNTRIP_ae1c35bec0e8,VNTRIP,Tây Nguyên mùa thay lá,https://www.vntrip.vn/cam-nang/tay-nguyen-mua-thay-la-121088,Khác,,0,needs_review,Biển - đảo,đảo,2,auto,,,
VNTRIP_6881e412e194,VNTRIP,Các địa điểm du lịch Tết ở miền Tây các bạn sẽ tiếc nuối khi bỏ lỡ,https://www.vntrip.vn/cam-nang/cac-dia-diem-du-lich-tet-o-mien-tay-cac-ban-se-tiec-nuoi-khi-bo-lo-121073,Khác,,0,needs_review,Khác,,0,needs_review,,,
VNTRIP_07e5a3063fe7,VNTRIP,Cách đặt phòng khách sạn bằng tiếng Anh đơn giản,https://www.vntrip.vn/cam-nang/cach-dat-phong-khach-san-bang-tieng-anh-don-gian-121056,Khác,,0,needs_review,Khác,,0,needs_review,,,
VNTRIP_29f80ee78daa,VNTRIP,Những khách sạn cho phép du khách khỏa thân độc lạ trên thế giới,https://www.vntrip.vn/cam-nang/nhung-khach-san-cho-phep-du-khach-khoa-than-doc-la-tren-the-gioi-121065,Khác,,0,needs_review,Biển - đảo,đảo,1,needs_review,,,
VNTRIP_222392a1dc9a,VNTRIP,Top 10 địa điểm du lịch Việt Nam được tìm kiếm nhiều nhất trong năm 2022,https://www.vntrip.vn/cam-nang/top-10-dia-diem-du-lich-viet-nam-duoc-tim-kiem-nhieu-nhat-trong-nam-2022-121005,Khác,,0,needs_review,Thiên nhiên - khám phá,hang,1,auto,,,
VNTRIP_a6bb48520728,VNTRIP,Top ứng dụng quản lý nhân sự trên iphone và android,https://www.vntrip.vn/cam-nang/top-ung-dung-quan-ly-nhan-su-tren-iphone-va-android-121031,Khác,,0,needs_review,Khác,,0,needs_review,,,
VNTRIP_7e28caaaa0e0,VNTRIP,Các địa điểm du lịch Đà Lạt lý tưởng cho gia đình,https://www.vntrip.vn/cam-nang/cac-dia-diem-du-lich-da-lat-ly-tuong-cho-gia-dinh-121017,Đà Lạt,đà lạt,4,auto,Biển - đảo,đảo,1,needs_review,,,
VNTRIP_93cebebc07fb,VNTRIP,Tiếp nối Chương trình thiện nguyện: “Vntrip-Cho đi là còn mãi”,https://www.vntrip.vn/cam-nang/tiep-noi-chuong-trinh-thien-nguyen-vntrip-cho-di-la-con-mai-121051,Hà Giang,"hà giang, ha giang",2,auto,Biển - đảo,đảo,2,needs_review,,,
VNTRIP_7c9e29f5a309,VNTRIP,4 xu hướng du lịch phổ biến thế giới năm 2022,https://www.vntrip.vn/cam-nang/4-xu-huong-du-lich-pho-bien-the-gioi-nam-2022-121041,Khác,,0,needs_review,Biển - đảo,biển,3,auto,,,
VNTRIP_ccba19b8a8dd,VNTRIP,Du khách thích thú “săn” băng giá trên các đỉnh núi cao tại Bát Xát,https://www.vntrip.vn/cam-nang/du-khach-thich-thu-san-bang-gia-tren-cac-dinh-nui-cao-tai-bat-xat-120993,Khác,,0,needs_review,Biển - đảo,đảo,6,needs_review,,,
VNTRIP_d3f4e109055f,VNTRIP,Chi phí doanh nghiệp gồm những gì? Các loại chi phí doanh nghiệp,https://www.vntrip.vn/cam-nang/chi-phi-doanh-nghiep-gom-nhung-gi-cac-loai-chi-phi-doanh-nghiep-120957,Khác,,0,needs_review,Biển - đảo,đảo,1,auto,,,
VNTRIP_7ea79dab1408,VNTRIP,Những ứng dụng công nghệ trong quản lý nhân sự nổi bật,https://www.vntrip.vn/cam-nang/nhung-ung-dung-cong-nghe-trong-quan-ly-nhan-su-noi-bat-120966,Khác,,0,needs_review,Khác,,0,needs_review,,,
VNTRIP_6335b13f8357,VNTRIP,Các địa điểm du lịch gần nhau ở Đà Lạt không nên bỏ qua trong lịch trình,https://www.vntrip.vn/cam-nang/cac-dia-diem-du-lich-gan-nhau-o-da-lat-khong-nen-bo-qua-trong-lich-trinh-120974,Đà Lạt,đà lạt,4,auto,Khác,,0,needs_review,,,
VNTRIP_6cbb4df81e84,VNTRIP,"Năm 2022, du lịch nội địa vượt mốc kỳ vọng",https://www.vntrip.vn/cam-nang/nam-2022-du-lich-noi-dia-vuot-moc-ky-vong-120941,Khác,,0,needs_review,Khác,,0,needs_review,,,
VNTRIP_93efe341f61c,VNTRIP,Quy định về đi công tác nước ngoài. Thủ tục và chi phí công tác nước ngoài,https://www.vntrip.vn/cam-nang/quy-dinh-ve-di-cong-tac-nuoc-ngoai-thu-tuc-va-chi-phi-cong-tac-nuoc-ngoai-120934,Khác,,0,needs_review,Biển - đảo,đảo,1,auto,,,
VNTRIP_8899b25a1828,VNTRIP,Lung linh ánh đèn đêm phố cổ,https://www.vntrip.vn/cam-nang/lung-linh-anh-den-dem-pho-co-120927,Ninh Bình,"ninh bình, ninh binh",2,auto,Văn hóa - di sản,"di sản, văn hóa, cố đô",3,auto,,,
VNTRIP_9593e7a955d9,VNTRIP,4 điểm du lịch đẹp trong nước cho tháng 12,https://www.vntrip.vn/cam-nang/4-diem-du-lich-dep-trong-nuoc-cho-thang-12-120921,Hà Giang,"hà giang, ha giang",2,needs_review,Thiên nhiên - khám phá,hang,3,needs_review,,,
VNTRIP_df227b1037ed,VNTRIP,7 thành phố du lịch an toàn nhất thế giới năm 2023,https://www.vntrip.vn/cam-nang/7-thanh-pho-du-lich-an-toan-nhat-the-gioi-nam-2023-120912,Khác,,0,needs_review,Biển - đảo,đảo,2,auto,,,
VNTRIP_7fb29b7f3a00,VNTRIP,Cách đặt phòng khách sạn ở Sapa,https://www.vntrip.vn/cam-nang/cach-dat-phong-khach-san-o-sapa-120872,Sa Pa,sapa,5,auto,Khác,,0,needs_review,,,
VNTRIP_e6bc4e8ce4f6,VNTRIP,Địa điểm đi chơi gần Hà Nội mùa Đông lý tưởng,https://www.vntrip.vn/cam-nang/dia-diem-di-choi-gan-ha-noi-mua-dong-ly-tuong-120882,Hà Nội,hà nội,4,auto,Biển - đảo,đảo,1,auto,,,
VNTRIP_37c5be62117f,VNTRIP,"Triền đê Long Biên tràn ngập cỏ lau trắng muốt, giới trẻ Hà Nội xúng xính tới check-in",https://www.vntrip.vn/cam-nang/trien-de-long-bien-tran-ngap-co-lau-trang-muot-gioi-tre-ha-noi-xung-xinh-toi-check-in-120863,Hà Nội,hà nội,4,auto,Biển - đảo,"biển, đảo",5,auto,,,
VNTRIP_789c4748bd92,VNTRIP,Điểm du lịch cầu bình an lý tưởng cho ngày đầu năm 2023,https://www.vntrip.vn/cam-nang/dia-diem-du-xuan-cau-binh-an-ly-tuong-cho-ngay-dau-nam-2023-120849,Khác,,0,needs_review,Biển - đảo,đảo,1,needs_review,,,
VNTRIP_2621644b2383,VNTRIP,4 điểm nghỉ dưỡng gần Hà Nội có khu vui chơi cho trẻ em,https://www.vntrip.vn/cam-nang/4-diem-nghi-duong-gan-ha-noi-co-khu-vui-choi-cho-tre-em-120843,Hà Nội,hà nội,4,auto,Nghỉ dưỡng,nghỉ dưỡng,4,auto,,,
VNTRIP_2a38e002d9e9,VNTRIP,Khách quốc tế đến Việt Nam đạt gần 3 triệu lượt,https://www.vntrip.vn/cam-nang/khach-quoc-te-den-viet-nam-dat-gan-3-trieu-luot-120835,Khác,,0,needs_review,Thiên nhiên - khám phá,hang,2,auto,,,
VNTRIP_6d415c9fec21,VNTRIP,Gợi ý các ý tưởng trang trí Tết cho khách sạn thu hút khách hàng,https://www.vntrip.vn/cam-nang/goi-y-cac-y-tuong-trang-tri-tet-cho-khach-san-thu-hut-khach-hang-120780,Khác,,0,needs_review,Thiên nhiên - khám phá,hang,3,auto,,,
VNTRIP_0e3a3b73108d,VNTRIP,Các lễ hội ngày Tết ở Việt Nam bạn đã biết chưa?,https://www.vntrip.vn/cam-nang/cac-le-hoi-ngay-tet-o-viet-nam-ban-da-biet-chua-120794,Khác,,0,needs_review,Lễ hội - sự kiện,lễ hội,4,needs_review,,,
VNTRIP_6845f0e4fa0b,VNTRIP,Tết năm nay đi du lịch ở đâu: Các địa điểm du lịch Tết 2023 không thể bỏ qua,https://www.vntrip.vn/cam-nang/tet-nam-nay-di-du-lich-o-dau-cac-dia-diem-du-lich-tet-2023-khong-the-bo-qua-120807,Khác,,0,needs_review,Khác,,0,needs_review,,,
VNTRIP_f93e596559ed,VNTRIP,Tết ở Sài Gòn có gì đặc biệt? Tết ở Sài Gòn nên đi đâu chơi?,https://www.vntrip.vn/cam-nang/tet-o-sai-gon-co-gi-dac-biet-tet-o-sai-gon-nen-di-dau-choi-120822,TP. Hồ Chí Minh,"sài gòn, sai gon",16,auto,Khác,,0,needs_review,,,
VNTRIP_22a178d35af3,VNTRIP,Các giai đoạn chuyển đổi số của doanh nghiệp bạn cần biết,https://www.vntrip.vn/cam-nang/cac-giai-doan-chuyen-doi-so-cua-doanh-nghiep-ban-can-biet-120762,Khác,,0,needs_review,Khác,,0,needs_review,,,
VNTRIP_207be72ed139,VNTRIP,Cách mở tivi trên xe giường nằm,https://www.vntrip.vn/cam-nang/cach-mo-tivi-tren-xe-giuong-nam-120768,Khác,,0,needs_review,Khác,,0,needs_review,,,
VNTRIP_458ad3fe2b47,VNTRIP,Xôn xao “đám mây hình đĩa bay” trên núi Bà Đen,https://www.vntrip.vn/cam-nang/xon-xao-dam-may-hinh-dia-bay-tren-nui-ba-den-120756,Khác,,0,needs_review,Thiên nhiên - khám phá,"núi, thiên nhiên",5,needs_review,,,
VNTRIP_ce36114482a8,VNTRIP,Đà Lạt đang vào mùa đẹp nhất năm,https://www.vntrip.vn/cam-nang/da-lat-dang-vao-mua-dep-nhat-nam-120751,Đà Lạt,đà lạt,5,auto,Biển - đảo,đảo,5,auto,,,
VNTRIP_d607f79d80e1,VNTRIP,Top khách sạn 4 sao Tây Ninh bạn không nên bỏ lỡ!,https://www.vntrip.vn/cam-nang/top-khach-san-4-sao-tay-ninh-ban-khong-nen-bo-lo-120731,Khác,,0,needs_review,Biển - đảo,đảo,5,auto,,,
VNTRIP_ff79703e7875,VNTRIP,Mùa tam giác mạch đẹp mê hồn giữa lòng Hà Giang,https://www.vntrip.vn/cam-nang/mua-tam-giac-mach-dep-me-hon-giua-long-ha-giang-120722,Hà Giang,"hà giang, ha giang",8,auto,Biển - đảo,đảo,1,needs_review,,,
VNTRIP_8c829a8f2afc,VNTRIP,3 hang động đẹp nao lòng lại không khó chinh phục ở Quảng Bình,https://www.vntrip.vn/cam-nang/3-hang-dong-dep-nao-long-lai-khong-kho-chinh-phuc-o-quang-binh-120710,Khác,,0,needs_review,Thiên nhiên - khám phá,"hang, trekking, thiên nhiên",6,needs_review,,,
VNTRIP_50747ca5fceb,VNTRIP,Kinh nghiệm săn vé máy bay tết 2023 giá rẻ,https://www.vntrip.vn/cam-nang/kinh-nghiem-san-ve-may-bay-tet-2023-gia-re-120689,Khác,,0,needs_review,Khác,,0,needs_review,,,
VNTRIP_9c0eb3be09c1,VNTRIP,Những điểm du lịch tuyệt đẹp không thể bỏ qua khi đến Cô Tô,https://www.vntrip.vn/cam-nang/nhung-diem-du-lich-tuyet-dep-khong-the-bo-qua-khi-den-co-to-120681,Hạ Long,"hạ long, ha long",2,auto,Biển - đảo,đảo,1,needs_review,,,
VNTRIP_1b58f767edd6,VNTRIP,Mê mẩn ngắm mùa hồng chín trĩu quả trên cao nguyên Mộc Châu,https://www.vntrip.vn/cam-nang/me-man-ngam-mua-hong-chin-triu-qua-tren-cao-nguyen-moc-chau-120671,Khác,,0,needs_review,Biển - đảo,đảo,5,auto,,,
VNTRIP_276445f7d405,VNTRIP,Hà Nội liên tiếp nhận các giải thưởng danh giá về du lịch,https://www.vntrip.vn/cam-nang/ha-noi-lien-tiep-nhan-cac-giai-thuong-danh-gia-ve-du-lich-120653,Hà Nội,hà nội,5,auto,Thiên nhiên - khám phá,hang,2,auto,,,
VNTRIP_e602d5a21916,VNTRIP,Kinh nghiệm đặt phòng khách sạn dịp Lễ Tết,https://www.vntrip.vn/cam-nang/kinh-nghiem-dat-phong-khach-san-dip-le-tet-120642,Khác,,0,needs_review,Khác,,0,needs_review,,,
VNTRIP_ac16f654443f,VNTRIP,Việt Nam nhận nhiều giải thưởng tại World Travel Awards 2022,https://www.vntrip.vn/cam-nang/viet-nam-nhan-nhieu-giai-thuong-tai-world-travel-awards-2022-120638,Khác,,0,needs_review,Văn hóa - di sản,"di sản, heritage",2,needs_review,,,
VNTRIP_94798dd5fea2,VNTRIP,Hà Nội trong tốp điểm đến được khách quốc tế tìm kiếm nhiều nhất,https://www.vntrip.vn/cam-nang/ha-noi-trong-top-diem-den-duoc-khach-quoc-te-tim-kiem-nhieu-nhat-120628,Hà Nội,hà nội,3,auto,Biển - đảo,đảo,2,needs_review,,,
VNTRIP_654a517cce24,VNTRIP,Du lịch Huế mùa buồn nhất năm có gì đặc biệt?,https://www.vntrip.vn/cam-nang/du-lich-hue-mua-buon-nhat-nam-co-gi-dac-biet-120610,Huế,"huế, hue",8,auto,Biển - đảo,đảo,2,auto,,,
VNTRIP_3b82f7b2e8ba,VNTRIP,Lợi ích của TMS với doanh nghiệp là gì?,https://www.vntrip.vn/cam-nang/loi-ich-cua-tms-voi-doanh-nghiep-la-gi-120603,Khác,,0,needs_review,Khác,,0,needs_review,,,
VNTRIP_2f594a6bfe33,VNTRIP,Chuyển đổi số trong y tế là gì? Tầm quan trọng của chuyển đổi số trong y tế,https://www.vntrip.vn/cam-nang/chuyen-doi-so-trong-y-te-la-gi-tam-quan-trong-cua-chuyen-doi-so-trong-y-te-120584,Khác,,0,needs_review,Biển - đảo,đảo,1,auto,,,
VNTRIP_3a8e7c479f6d,VNTRIP,Những khó khăn trên con đường chuyển đổi số của doanh nghiệp,https://www.vntrip.vn/cam-nang/nhung-kho-khan-tren-con-duong-chuyen-doi-so-cua-doanh-nghiep-120575,Khác,,0,needs_review,Khác,,0,needs_review,,,
VNTRIP_5260e63d5e0f,VNTRIP,Kinh nghiệm hữu ích khi đi công tác nước ngoài bạn nên biết,https://www.vntrip.vn/cam-nang/kinh-nghiem-huu-ich-khi-di-cong-tac-nuoc-ngoai-ban-nen-biet-120553,Khác,,0,needs_review,Khác,,0,needs_review,,,
VNTRIP_cea139350349,VNTRIP,Thực trạng chuyển đổi số ở Việt Nam hiện nay,https://www.vntrip.vn/cam-nang/thuc-trang-chuyen-doi-so-o-viet-nam-hien-nay-120562,Khác,,0,needs_review,Biển - đảo,đảo,1,auto,,,
VNTRIP_ecc28f7581b4,VNTRIP,Mất bao nhiêu chi phí cho chuyến du lịch kết hợp xem World Cup 2022?,https://www.vntrip.vn/cam-nang/mat-bao-nhieu-chi-phi-cho-chuyen-du-lich-ket-hop-xem-world-cup-2022-120538,Khác,,0,needs_review,Biển - đảo,đảo,4,needs_review,,,
VNTRIP_47c5ccd48bab,VNTRIP,"Giải pháp quản lý chuyến công tác hiệu quả, nhanh gọn",https://www.vntrip.vn/cam-nang/giai-phap-quan-ly-chuyen-cong-tac-hieu-qua-nhanh-gon-120526,Khác,,0,needs_review,Khác,,0,needs_review,,,
VNTRIP_8bafd09a5f61,VNTRIP,Ga Sài Gòn ngày đầu mở bán vé tàu Tết 2023,https://www.vntrip.vn/cam-nang/ga-sai-gon-ngay-dau-mo-ban-ve-tau-tet-2023-120508,TP. Hồ Chí Minh,"sài gòn, sai gon",6,auto,Biển - đảo,đảo,1,auto,,,
VNTRIP_812c890a04ef,VNTRIP,Chuyển đổi số quốc gia là gì? Ngày chuyển đổi số quốc gia là ngày nào?,https://www.vntrip.vn/cam-nang/chuyen-doi-so-quoc-gia-la-gi-ngay-chuyen-doi-so-quoc-gia-la-ngay-nao-120475,Khác,,0,needs_review,Biển - đảo,đảo,4,auto,,,
VNTRIP_3211aab3d9ce,VNTRIP,Phân biệt chuyển đổi số và số hóa. Ví dụ về chuyển đổi số và số hóa,https://www.vntrip.vn/cam-nang/phan-biet-chuyen-doi-so-va-so-hoa-vi-du-ve-chuyen-doi-so-va-so-hoa-120484,Khác,,0,needs_review,Khác,,0,needs_review,,,
VNTRIP_2ab136e539f1,VNTRIP,Lợi ích khi đi du lịch mùa thấp điểm. Mùa thấp điểm trong du lịch là tháng mấy?,https://www.vntrip.vn/cam-nang/loi-ich-khi-di-du-lich-mua-thap-diem-mua-thap-diem-trong-du-lich-la-thang-may-120454,Khác,,0,needs_review,Thiên nhiên - khám phá,hang,4,needs_review,,,
VNTRIP_e96e7f7156bc,VNTRIP,Những sai lầm phổ biến trong quản lý chuyến công tác của nhân viên,https://www.vntrip.vn/cam-nang/nhung-sai-lam-pho-bien-trong-quan-ly-chuyen-cong-tac-cua-nhan-vien-120448,Khác,,0,needs_review,Biển - đảo,"biển, đảo",5,auto,,,
VNTRIP_fea29e4b2270,VNTRIP,Top 5 địa điểm săn mây đẹp như tiên cảnh ở Việt Nam,https://www.vntrip.vn/cam-nang/top-5-dia-diem-san-may-dep-nhu-tien-canh-o-viet-nam-120468,Khác,,0,needs_review,Biển - đảo,đảo,1,auto,,,
VNTRIP_9b711a472713,VNTRIP,Các sản phẩm chuyển đổi số đặc trưng của các doanh nghiệp hiện nay,https://www.vntrip.vn/cam-nang/cac-san-pham-chuyen-doi-so-dac-trung-cua-cac-doanh-nghiep-hien-nay-120423,Khác,,0,needs_review,Biển - đảo,đảo,1,auto,,,
VNTRIP_2430f065057c,VNTRIP,Các công ty tư vấn và cung cấp dịch vụ chuyển đổi số hàng đầu hiện nay,https://www.vntrip.vn/cam-nang/cac-cong-ty-tu-van-va-cung-cap-dich-vu-chuyen-doi-so-hang-dau-hien-nay-120411,Khác,,0,needs_review,Thiên nhiên - khám phá,hang,4,auto,,,
VNTRIP_3fab734047e4,VNTRIP,Đường bay Hà Nội-TP HCM lọt Top đường bay nhộn nhịp nhất thế giới,https://www.vntrip.vn/cam-nang/duong-bay-ha-noi-tp-hcm-lot-top-duong-bay-nhon-nhip-nhat-the-gioi-120435,Hà Nội,hà nội,4,auto,Thiên nhiên - khám phá,hang,2,auto,,,
VNTRIP_6ab96e1e47b5,VNTRIP,Việt Nam nằm trong danh sách những nền ẩm thực hàng đầu thế giới,https://www.vntrip.vn/cam-nang/viet-nam-nam-trong-danh-sach-nhung-nen-am-thuc-hang-dau-the-gioi-120432,Khác,,0,needs_review,Thiên nhiên - khám phá,hang,4,needs_review,,,
VNTRIP_ec5342db56b8,VNTRIP,Phú Quốc nằm trong tốp 10 hòn đảo được yêu thích nhất châu Á,https://www.vntrip.vn/cam-nang/phu-quoc-nam-trong-top-10-hon-dao-duoc-yeu-thich-nhat-chau-a-120408,Phú Quốc,"phú quốc, phu quoc",8,auto,Biển - đảo,đảo,3,auto,,,
VNTRIP_e363b9080467,VNTRIP,Việt Nam vào tốp điểm đến được du khách Australia tìm kiếm nhiều nhất,https://www.vntrip.vn/cam-nang/viet-nam-vao-top-diem-den-duoc-du-khach-australia-tim-kiem-nhieu-nhat-120406,Khác,,0,needs_review,Biển - đảo,đảo,3,needs_review,,,
VNTRIP_a3331a8b8876,VNTRIP,Các công ty chuyển đổi số thành công điển hình có thể bạn chưa biết,https://www.vntrip.vn/cam-nang/cac-cong-ty-da-thanh-cong-nho-chuyen-doi-so-dien-hinh-120393,Khác,,0,needs_review,Biển - đảo,đảo,1,auto,,,
VNTRIP_5cfc80f4b7c9,VNTRIP,Chuyển đổi số là gì? Các khái niệm về chuyển đổi số bạn cần biết,https://www.vntrip.vn/cam-nang/chuyen-doi-so-la-gi-cac-khai-niem-ve-chuyen-doi-so-ban-can-biet-120325,Khác,,0,needs_review,Biển - đảo,đảo,1,auto,,,
VNTRIP_0e03d2b97e53,VNTRIP,Việt Nam đã làm được gì khi chuyển đổi số,https://www.vntrip.vn/cam-nang/viet-nam-da-lam-duoc-gi-khi-chuyen-doi-so-120386,Khác,,0,needs_review,Khác,,0,needs_review,,,
VNTRIP_baa5e00b42b1,VNTRIP,10 điểm đến tuyệt vời cho hành trình khám phá Việt Nam,https://www.vntrip.vn/cam-nang/10-diem-den-tuyet-voi-cho-hanh-trinh-kham-pha-viet-nam-120383,Khác,,0,needs_review,Ẩm thực,ẩm thực,1,auto,,,
VNTRIP_ab38bdacda90,VNTRIP,Top 10 khách sạn view đẹp ở Đà Lạt giá rẻ năm 2022,https://www.vntrip.vn/cam-nang/top-10-khach-san-view-dep-o-da-lat-gia-re-nam-2022-120338,Đà Lạt,đà lạt,5,auto,Khác,,0,needs_review,,,
VNTRIP_b34d4a5cf975,VNTRIP,Ngày 10/10 trở thành dấu mốc lịch sử trong chuyển đổi số quốc gia,https://www.vntrip.vn/cam-nang/ngay-10-10-tro-thanh-dau-moc-lich-su-trong-chuyen-doi-so-quoc-gia-120375,Khác,,0,needs_review,Biển - đảo,đảo,1,auto,,,
VNTRIP_2de8ad093f3f,VNTRIP,Siêu Sale 10/10:  Săn vé BAMBOO AIRWAYS chỉ 19K,https://www.vntrip.vn/cam-nang/sieu-sale-10-10-san-ve-bamboo-airways-chi-19k-120320,Khác,,0,needs_review,Biển - đảo,đảo,1,auto,,,
VNTRIP_fa3734dcb2ad,VNTRIP,"9 tháng năm 2022: Khách quốc tế đến Việt Nam tăng 16,4 lần",https://www.vntrip.vn/cam-nang/9-thang-nam-2022-khach-quoc-te-den-viet-nam-tang-164-lan-120317,Khác,,0,needs_review,Thiên nhiên - khám phá,hang,4,auto,,,
VNTRIP_f718a621d559,VNTRIP,"Đã lâu, tôi chưa du lịch cùng bố mẹ",https://www.vntrip.vn/cam-nang/da-lau-toi-chua-du-lich-cung-bo-me-120308,Khác,,0,needs_review,Khác,,0,needs_review,,,
VNTRIP_5a30f9c81db6,VNTRIP,Top 10 khách sạn Sapa có bể bơi nước nóng sang chảnh,https://www.vntrip.vn/cam-nang/top-10-khach-san-sapa-co-be-boi-nuoc-nong-sang-chanh-120204,Sa Pa,sapa,4,auto,Thiên nhiên - khám phá,hang,1,auto,,,
VNTRIP_fffcd057dd11,VNTRIP,10 sân bay tạm đóng cửa vì bão Noru,https://www.vntrip.vn/cam-nang/10-san-bay-tam-dong-cua-vi-bao-noru-120280,Khác,,0,needs_review,Biển - đảo,đảo,3,auto,,,
VNTRIP_9e6046c9337c,VNTRIP,Sapa có đặc sản gì làm quà? Mua gì làm quà khi đi du lịch Sapa?,https://www.vntrip.vn/cam-nang/sapa-co-dac-san-gi-lam-qua-mua-gi-lam-qua-khi-di-du-lich-sapa-120184,Sa Pa,sapa,8,auto,Khác,,0,needs_review,,,
VNTRIP_0fb1e81b9ea0,VNTRIP,Top nhà xe đi Sapa: Tuyến Hà Nội – Sapa tốt nhất 2022,https://www.vntrip.vn/cam-nang/top-nha-xe-di-sapa-tuyen-ha-noi-sapa-tot-nhat-2022-120223,Sa Pa,sapa,9,needs_review,Biển - đảo,đảo,1,auto,,,
VNTRIP_ff33e8b0dbdf,VNTRIP,Deal khủng mùa Thu – Vi vu khắp chốn cùng Lotte Finance x Vntrip,https://www.vntrip.vn/cam-nang/deal-khung-mua-thu-vi-vu-khap-chon-cung-lotte-finance-x-vntrip-120259,Khác,,0,needs_review,Thiên nhiên - khám phá,hang,1,auto,,,
VNTRIP_a4e9a93071ab,VNTRIP,"TMS nghĩa là gì, TMS viết tắt của từ gì? Hệ thống TMS là gì?",https://www.vntrip.vn/cam-nang/tms-nghia-la-gi-tms-viet-tat-cua-tu-gi-he-thong-tms-la-gi-120246,Khác,,0,needs_review,Thiên nhiên - khám phá,hang,1,auto,,,
VNTRIP_40517e413529,VNTRIP,Đoàn Văn Hậu – Podcast #1 | MyCeleb.vn,https://www.vntrip.vn/cam-nang/doan-van-hau-podcast-1-myceleb-vn-120226,Khác,,0,needs_review,Biển - đảo,đảo,1,auto,,,
VNTRIP_a0c15da574ba,VNTRIP,Du khách xao xuyến ngắm Mimosa vàng rực Đà Lạt,https://www.vntrip.vn/cam-nang/du-khach-xao-xuyen-ngam-mimosa-vang-ruc-da-lat-120190,Đà Lạt,đà lạt,4,auto,Biển - đảo,đảo,5,needs_review,,,
VNTRIP_d724389b6bee,VNTRIP,Thời tiết Sapa những tháng cuối năm như thế nào?,https://www.vntrip.vn/cam-nang/thoi-tiet-sapa-nhung-thang-cuoi-nam-nhu-the-nao-120175,Sa Pa,sapa,4,auto,Thiên nhiên - khám phá,hang,4,needs_review,,,
VNTRIP_26cb2d8612e6,VNTRIP,Đi du lịch Vũng Tàu cần chuẩn bị những gì?,https://www.vntrip.vn/cam-nang/di-du-lich-vung-tau-can-chuan-bi-nhung-gi-120152,Khác,,0,needs_review,Biển - đảo,biển,1,auto,,,
VNTRIP_f7559835ad39,VNTRIP,Check-in Sài Gòn: Chu du qua miền sống động,https://www.vntrip.vn/cam-nang/check-in-sai-gon-chu-du-qua-mien-song-dong-120162,TP. Hồ Chí Minh,"sài gòn, sai gon",8,auto,Biển - đảo,đảo,2,auto,,,
VNTRIP_2b781a96e066,VNTRIP,Review biển vô cực Thái Bình cực ảo đang khuấy đảo giới trẻ,https://www.vntrip.vn/cam-nang/review-bien-vo-cuc-thai-binh-cuc-ao-dang-khuay-dao-gioi-tre-119982,Khác,,0,needs_review,Biển - đảo,"biển, đảo",12,auto,,,
VNTRIP_5a4e00bb9bdb,VNTRIP,Top 4 hồ bơi vô cực Vũng Tàu khiến bạn ngất ngây vì quá đẹp,https://www.vntrip.vn/cam-nang/top-4-ho-boi-vo-cuc-vung-tau-khien-ban-ngat-ngay-vi-qua-dep-120039,Khác,,0,needs_review,Thiên nhiên - khám phá,hang,1,auto,,,
VNTRIP_e7a38a0ea66b,VNTRIP,Bamboo Airways tăng tần suất bay TP.HCM – BANGKOK,https://www.vntrip.vn/cam-nang/bamboo-airways-tang-tan-suat-bay-tp-hcm-bangkok-120032,TP. Hồ Chí Minh,"hồ chí minh, ho chi minh",2,auto,Biển - đảo,đảo,1,needs_review,,,
VNTRIP_adfdcf64fe96,VNTRIP,Những địa điểm du lịch một ngày gần thành phố Hồ Chí Minh không nên bỏ lỡ,https://www.vntrip.vn/cam-nang/nhung-dia-diem-du-lich-mot-ngay-gan-thanh-pho-ho-chi-minh-khong-nen-bo-lo-119963,TP. Hồ Chí Minh,"hồ chí minh, ho chi minh",8,auto,Khác,,0,needs_review,,,
VNTRIP_ce53204eb07c,VNTRIP,Những khó khăn trong quản trị nhân sự doanh nghiệp hay gặp phải,https://www.vntrip.vn/cam-nang/nhung-kho-khan-trong-quan-tri-nhan-su-doanh-nghiep-hay-gap-phai-119933,Khác,,0,needs_review,Khác,,0,needs_review,,,
VNTRIP_30fd44c77165,VNTRIP,Dự báo thời tiết dịp Nghỉ lễ 2/9: Chiều tối có thể mưa dông,https://www.vntrip.vn/cam-nang/du-bao-thoi-tiet-dip-nghi-le-2-9-chieu-toi-co-the-mua-dong-119931,Khác,,0,needs_review,Biển - đảo,đảo,5,auto,,,
VNTRIP_5f805ac4d16b,VNTRIP,Chơi gì ở Huế dịp lễ 2/9?,https://www.vntrip.vn/cam-nang/choi-gi-o-hue-dip-le-2-9-119917,Huế,"huế, hue",8,auto,Văn hóa - di sản,cố đô,1,needs_review,,,
VNTRIP_96082d4381b9,VNTRIP,Giá vé máy bay Tết Dương lịch 2023 và Tết Quý Mão cao ngất ngưởng,https://www.vntrip.vn/cam-nang/gia-ve-may-bay-tet-duong-lich-2023-va-tet-quy-mao-cao-ngat-nguong-119894,Khác,,0,needs_review,Biển - đảo,đảo,7,needs_review,,,
VNTRIP_f3ab9ef515d0,VNTRIP,Cao nguyên đá Đồng Văn – hành trình đến tự hào và hạnh phúc,https://www.vntrip.vn/cam-nang/cao-nguyen-da-dong-van-hanh-trinh-den-tu-hao-va-hanh-phuc-119887,Khác,,0,needs_review,Biển - đảo,đảo,8,auto,,,
VNTRIP_d9017acbab60,VNTRIP,VIETJET chính thức mở bán vé máy bay Tết 2023 sớm chỉ từ 619K,https://www.vntrip.vn/cam-nang/vietjet-chinh-thuc-mo-ban-ve-may-bay-tet-2023-som-chi-tu-619k-119883,Khác,,0,needs_review,Thiên nhiên - khám phá,hang,1,auto,,,
VNTRIP_4e362222eba8,VNTRIP,Đà Lạt lọt top 6 điểm hẹn hò lãng mạn nhất thế giới,https://www.vntrip.vn/cam-nang/da-lat-lot-top-6-diem-hen-ho-lang-man-nhat-the-gioi-119874,Đà Lạt,đà lạt,4,auto,Khác,,0,needs_review,,,
VNTRIP_a73867f7cf42,VNTRIP,"Du lịch Sun World Ba Na Hills mùa hè này, đây là những trải nghiệm mới cần thử",https://www.vntrip.vn/cam-nang/du-lich-sun-world-ba-na-hills-mua-he-nay-day-la-nhung-trai-nghiem-moi-can-thu-119868,Khác,,0,needs_review,Khác,,0,needs_review,,,
VNTRIP_ba0591249a07,VNTRIP,Kinh nghiệm khi đang du lịch thì gặp mưa bão,https://www.vntrip.vn/cam-nang/kinh-nghiem-khi-dang-du-lich-thi-gap-mua-bao-119858,Khác,,0,needs_review,Biển - đảo,"biển, đảo",5,needs_review,,,
VNTRIP_dc714bd59df9,VNTRIP,Mẹo phối đồ đi Đà Lạt cho các bạn nam cực chất,https://www.vntrip.vn/cam-nang/meo-phoi-do-di-da-lat-cho-cac-ban-nam-cuc-chat-119746,Đà Lạt,đà lạt,5,auto,Khác,,0,needs_review,,,
VNTRIP_9a774ba4be10,VNTRIP,Những địa điểm du lịch Đà Nẵng 2022 bạn nhất định phải đi,https://www.vntrip.vn/cam-nang/nhung-dia-diem-du-lich-da-nang-2022-ban-nhat-dinh-phai-di-119783,Đà Nẵng,đà nẵng,4,auto,Khác,,0,needs_review,,,
VNTRIP_9cdaf950de7c,VNTRIP,"Lượng khách tăng đột biến, hàng không bật tăng doanh thu, lợi nhuận 6 tháng",https://www.vntrip.vn/cam-nang/luong-khach-tang-dot-bien-hang-khong-bat-tang-doanh-thu-loi-nhuan-6-thang-119842,Khác,,0,needs_review,Thiên nhiên - khám phá,hang,10,needs_review,,,
VNTRIP_0a19d46716cd,VNTRIP,Phối đồ đi Đà Lạt cho các bạn nữ xinh ngất ngây 2022,https://www.vntrip.vn/cam-nang/phoi-do-di-da-lat-cho-cac-ban-nu-xinh-ngat-ngay-2022-119758,Đà Lạt,đà lạt,4,auto,Biển - đảo,đảo,1,auto,,,
VNTRIP_f4eb439e0660,VNTRIP,Chơi và đi đâu khi du lịch Mũi Né tháng 8?,https://www.vntrip.vn/cam-nang/choi-va-di-dau-khi-du-lich-mui-ne-thang-8-119799,Mũi Né,"mũi né, mui ne",8,auto,Thiên nhiên - khám phá,hang,4,needs_review,,,
VNTRIP_8f47a9cd2a9e,VNTRIP,Kinh nghiệm du lịch Hội An: Ăn chơi gì ở phố cổ?,https://www.vntrip.vn/cam-nang/kinh-nghiem-du-lich-hoi-an-an-choi-gi-o-pho-co-119812,Hội An,"hội an, hoi an",8,auto,Khác,,0,needs_review,,,
VNTRIP_d5f47103ffcf,VNTRIP,"Đóng cửa sân bay Côn Đảo trong 9 tháng, du khách chỉ có 2 lựa chọn để ra đảo",https://www.vntrip.vn/cam-nang/dong-cua-san-bay-con-dao-trong-9-thang-du-khach-chi-co-2-lua-chon-de-ra-dao-119828,Khác,,0,needs_review,Biển - đảo,đảo,9,needs_review,,,
VNTRIP_6408cafdd122,VNTRIP,Phối đồ đi du lịch mùa hè cực bắt trend 2022,https://www.vntrip.vn/cam-nang/phoi-do-di-du-lich-mua-he-cuc-bat-trend-2022-119604,Khác,,0,needs_review,Khác,,0,needs_review,,,
VNTRIP_6346490ca89a,VNTRIP,Bật mí top những địa điểm ăn tối Mũi Né cực xịn,https://www.vntrip.vn/cam-nang/bat-mi-top-nhung-dia-diem-an-toi-mui-ne-cuc-xin-119677,Mũi Né,"mũi né, mui ne",8,auto,Biển - đảo,biển,1,auto,,,
VNTRIP_ff4d306cb840,VNTRIP,Bạn nên mặc gì khi đi du lịch Châu Âu mùa hè,https://www.vntrip.vn/cam-nang/ban-nen-mac-gi-khi-di-du-lich-chau-au-mua-he-119598,Khác,,0,needs_review,Khác,,0,needs_review,,,
VNTRIP_d4a23a6449a8,VNTRIP,Top địa điểm du lịch hè 2022 dành cho những bạn ‘cuồng chân’,https://www.vntrip.vn/cam-nang/top-dia-diem-du-lich-he-2022-danh-cho-nhung-ban-cuong-chan-119646,Khác,,0,needs_review,Khác,,0,needs_review,,,
VNTRIP_ef47a0af4efa,VNTRIP,Top quán cà phê nghe nhạc Đà Lạt đang HOT nhất hiện nay,https://www.vntrip.vn/cam-nang/top-quan-ca-phe-nghe-nhac-da-lat-dang-hot-nhat-hien-nay-119570,Đà Lạt,đà lạt,4,auto,Ẩm thực,cà phê,4,needs_review,,,
VNTRIP_656268601438,VNTRIP,Cần lưu ý gì khi đi du lịch Hội An,https://www.vntrip.vn/cam-nang/can-luu-y-gi-khi-di-du-lich-hoi-an-119723,Hội An,"hội an, hoi an",12,auto,Khác,,0,needs_review,,,
VIETNAM_TRAVEL_d7e85d048ab2,VIETNAM_TRAVEL,,https://vietnam.travel/places-to-go/northern-vietnam,Hà Giang,"hà giang, ha giang",2,needs_review,Khác,,0,needs_review,,,
VIETNAM_TRAVEL_e20a0a3f0c84,VIETNAM_TRAVEL,,https://vietnam.travel/places-to-go/northern-vietnam/ha-noi,Hà Nội,hanoi,2,auto,Khác,,0,needs_review,,,
VIETNAM_TRAVEL_d48fad6f07ea,VIETNAM_TRAVEL,,https://vietnam.travel/places-to-go/northern-vietnam/ha-giang,Hà Giang,"hà giang, ha giang",4,auto,Khác,,0,needs_review,,,
VIETNAM_TRAVEL_d50cb8ce9b60,VIETNAM_TRAVEL,,https://vietnam.travel/places-to-go/northern-vietnam/ha-long,Hạ Long,"hạ long, ha long",2,auto,Khác,,0,needs_review,,,
VIETNAM_TRAVEL_86d8319aa776,VIETNAM_TRAVEL,,https://vietnam.travel/places-to-go/northern-vietnam/mai-chau,Khác,,0,needs_review,Khác,,0,needs_review,,,
VIETNAM_TRAVEL_4f799bceb604,VIETNAM_TRAVEL,,https://vietnam.travel/places-to-go/northern-vietnam/ninh-binh,Ninh Bình,"ninh bình, ninh binh",8,auto,Khác,,0,needs_review,,,
VIETNAM_TRAVEL_8700ca7e523a,VIETNAM_TRAVEL,,https://vietnam.travel/places-to-go/northern-vietnam/sapa,Sa Pa,sapa,2,auto,Khác,,0,needs_review,,,
VIETNAM_TRAVEL_462bd530b67a,VIETNAM_TRAVEL,,https://vietnam.travel/places-to-go/central-vietnam,Huế,"huế, hue",2,needs_review,Biển - đảo,beach,1,needs_review,,,
VIETNAM_TRAVEL_63020cf5dbe7,VIETNAM_TRAVEL,,https://vietnam.travel/places-to-go/central-vietnam/da-nang,Đà Nẵng,"đà nẵng, da nang",2,auto,Khác,,0,needs_review,,,
VIETNAM_TRAVEL_39f35d20a083,VIETNAM_TRAVEL,,https://vietnam.travel/places-to-go/central-vietnam/dalat,Đà Lạt,"đà lạt, da lat",2,auto,Khác,,0,needs_review,,,
VIETNAM_TRAVEL_b6c9d9dbf8ef,VIETNAM_TRAVEL,,https://vietnam.travel/places-to-go/central-vietnam/hoi-an,Hội An,"hội an, hoi an",4,auto,Khác,,0,needs_review,,,
VIETNAM_TRAVEL_232d310963d3,VIETNAM_TRAVEL,,https://vietnam.travel/places-to-go/central-vietnam/hue,Huế,"huế, hue",4,auto,Khác,,0,needs_review,,,
VIETNAM_TRAVEL_7fc1f3eec831,VIETNAM_TRAVEL,,https://vietnam.travel/places-to-go/central-vietnam/nha-trang,Nha Trang,nha trang,2,auto,Khác,,0,needs_review,,,
VIETNAM_TRAVEL_2cf24e15e2f6,VIETNAM_TRAVEL,,https://vietnam.travel/places-to-go/central-vietnam/phong-nha,Phong Nha,phong nha,2,auto,Khác,,0,needs_review,,,
VIETNAM_TRAVEL_b2944c979073,VIETNAM_TRAVEL,,https://vietnam.travel/places-to-go/southern-vietnam,Phú Quốc,"phú quốc, phu quoc",2,auto,Biển - đảo,beach,1,auto,,,
VIETNAM_TRAVEL_bf05c1e16006,VIETNAM_TRAVEL,,https://vietnam.travel/places-to-go/southern-vietnam/ho-chi-minh-city,TP. Hồ Chí Minh,"hồ chí minh, ho chi minh",2,auto,Khác,,0,needs_review,,,
VIETNAM_TRAVEL_43b0c1090ec7,VIETNAM_TRAVEL,,https://vietnam.travel/places-to-go/southern-vietnam/con-dao,Khác,,0,needs_review,Biển - đảo,"đảo, island",3,auto,,,
VIETNAM_TRAVEL_cb49ca8d98c7,VIETNAM_TRAVEL,,https://vietnam.travel/places-to-go/southern-vietnam/binh-thuan,Mũi Né,"mũi né, mui ne",4,auto,Khác,,0,needs_review,,,
VIETNAM_TRAVEL_9dc67529d69c,VIETNAM_TRAVEL,,https://vietnam.travel/places-to-go/southern-vietnam/can-tho,Cần Thơ,"cần thơ, can tho",4,auto,Khác,,0,needs_review,,,
VIETNAM_TRAVEL_b1b16cfefbf6,VIETNAM_TRAVEL,,https://vietnam.travel/places-to-go/southern-vietnam/chau-doc,Khác,,0,needs_review,Khác,,0,needs_review,,,
VIETNAM_TRAVEL_27c037c43121,VIETNAM_TRAVEL,,https://vietnam.travel/places-to-go/southern-vietnam/phu-quoc,Phú Quốc,"phú quốc, phu quoc",4,auto,Biển - đảo,island,1,auto,,,
VIETNAM_TRAVEL_380f42cefb13,VIETNAM_TRAVEL,,https://vietnam.travel/things-to-do/food,Khác,,0,needs_review,Khác,,0,needs_review,,,
VIETNAM_TRAVEL_ca8efa7577c5,VIETNAM_TRAVEL,,https://vietnam.travel/things-to-do/nature,Khác,,0,needs_review,Khác,,0,needs_review,,,
VIETNAM_TRAVEL_6ecc12907134,VIETNAM_TRAVEL,,https://vietnam.travel/things-to-do/culture,Khác,,0,needs_review,Văn hóa - di sản,heritage,1,auto,,,
VIETNAM_TRAVEL_351df81149af,VIETNAM_TRAVEL,,https://vietnam.travel/things-to-do/cities,Khác,,0,needs_review,Khác,,0,needs_review,,,
VIETNAM_TRAVEL_46094515d8fc,VIETNAM_TRAVEL,,https://vietnam.travel/things-to-do/beaches,Khác,,0,needs_review,Biển - đảo,"beach, island",2,auto,,,
VIETNAM_TRAVEL_4bc2225e6eb5,VIETNAM_TRAVEL,,https://vietnam.travel/things-to-do/adventure,Khác,,0,needs_review,Khác,,0,needs_review,,,
VIETNAM_TRAVEL_c133bce468ee,VIETNAM_TRAVEL,,https://vietnam.travel/things-to-do/wellness,Khác,,0,needs_review,Nghỉ dưỡng,"wellness, spa",3,auto,,,
VIETNAM_TRAVEL_b381da6b154e,VIETNAM_TRAVEL,,https://vietnam.travel/things-to-do/family,Khác,,0,needs_review,Khác,,0,needs_review,,,
VIETNAM_TRAVEL_e53e82f8f714,VIETNAM_TRAVEL,,https://vietnam.travel/things-to-do/luxury,Khác,,0,needs_review,Biển - đảo,beach,1,needs_review,,,
VIETNAM_TRAVEL_77be07e08502,VIETNAM_TRAVEL,,https://vietnam.travel/things-to-do/golf,Khác,,0,needs_review,Khác,,0,needs_review,,,
VIETNAM_TRAVEL_8678bf3f332e,VIETNAM_TRAVEL,,https://vietnam.travel/things-to-do/festival-event/khanh-hoa-sea-tourism-festival-2026?month=jul&year=2026,Khác,,0,needs_review,Biển - đảo,island,1,needs_review,,,
VIETNAM_TRAVEL_19da74af81dd,VIETNAM_TRAVEL,,https://vietnam.travel/things-to-do/festival-event/ngoc-linh-ginseng-and-international-medicinal-herbs-festival-da-nang?month=jul&year=2026,Khác,,0,needs_review,Lễ hội - sự kiện,festival,1,needs_review,,,
VIETNAM_TRAVEL_47def6e2f87b,VIETNAM_TRAVEL,,https://vietnam.travel/things-to-do/festival-event/hanoi-beverage-festival-2026?month=jul&year=2026,Hà Nội,hanoi,1,auto,Lễ hội - sự kiện,festival,1,needs_review,,,
VIETNAM_TRAVEL_8e0e065c7ae9,VIETNAM_TRAVEL,,https://vietnam.travel/things-to-do/da-nang-eat-play-relax-your-ultimate-coastal-escape,Khác,,0,needs_review,Ẩm thực,food,1,auto,,,
VIETNAM_TRAVEL_b85bd43b9530,VIETNAM_TRAVEL,,https://vietnam.travel/things-to-do/gia-lai-travel-guide-culinary-journey,Khác,,0,needs_review,Khác,,0,needs_review,,,
VIETNAM_TRAVEL_f48463e72bce,VIETNAM_TRAVEL,,https://vietnam.travel/things-to-do/five-colour-sticky-rice-quintessence-vietnamese-cuisine,Khác,,0,needs_review,Khác,,0,needs_review,,,
VIETNAM_TRAVEL_deaffe66e79a,VIETNAM_TRAVEL,,https://vietnam.travel/things-to-do/gia-lai-chasing-cool-breezes-and-ancient-culture,Khác,,0,needs_review,Khác,,0,needs_review,,,
VIETNAM_TRAVEL_5990d02f8c29,VIETNAM_TRAVEL,,https://vietnam.travel/things-to-do/ha-giang-loop-where-nature-and-culture-come-one,Hà Giang,"hà giang, ha giang",2,auto,Khác,,0,needs_review,,,
VIETNAM_TRAVEL_beb84f551122,VIETNAM_TRAVEL,,https://vietnam.travel/things-to-do/moc-chau-green-and-peaceful-summer-oasis-near-hanoi,Khác,,0,needs_review,Khác,,0,needs_review,,,
VIETNAM_TRAVEL_da3d83bf55c8,VIETNAM_TRAVEL,,https://vietnam.travel/things-to-do/infographic-visa-exemption-citizens-poland-czech-and-switzerland,Khác,,0,needs_review,Khác,,0,needs_review,,,
VIETNAM_TRAVEL_6191554470be,VIETNAM_TRAVEL,,https://vietnam.travel/things-to-do/tea-factory-1927-living-witness-development-vietnams-tea-industry,Khác,,0,needs_review,Khác,,0,needs_review,,,
VIETNAM_TRAVEL_1a76af2ae8eb,VIETNAM_TRAVEL,,https://vietnam.travel/things-to-do/wander-ancient-traditional-silk-villages-vietnam,Hà Nội,"hà nội, hanoi",3,auto,Khác,,0,needs_review,,,
VIETNAM_TRAVEL_bdb1f4899be4,VIETNAM_TRAVEL,,https://vietnam.travel/things-to-do/hoi-an-world’s-top-“hidden-gem”-city,Hội An,"hội an, hoi an",2,needs_review,Khác,,0,needs_review,,,
VIETNAM_TRAVEL_5d46a1abf0b3,VIETNAM_TRAVEL,,https://vietnam.travel/things-to-do/vietnam’s-new-provincial-system-34-names-you-should-know,Khác,,0,needs_review,Khác,,0,needs_review,,,
VIETNAM_TRAVEL_0fe8de49339e,VIETNAM_TRAVEL,,https://vietnam.travel/things-to-do/10-tourist-spots-not-be-missed-ho-chi-minh-city,Khác,,0,needs_review,Biển - đảo,đảo,1,auto,,,
VIETNAM_TRAVEL_60fc6664fdb7,VIETNAM_TRAVEL,,https://vietnam.travel/things-to-do/10-incredible-places-visit-vietnam-summer,Hạ Long,"hạ long, ha long",2,auto,Khác,,0,needs_review,,,
VIETNAM_TRAVEL_76b1ccd1f7d4,VIETNAM_TRAVEL,,https://vietnam.travel/things-to-do/green-sanctuary-slow-living-souls-whale-island-resort,Khác,,0,needs_review,Nghỉ dưỡng,resort,1,auto,,,
VIETNAM_TRAVEL_282290208b8b,VIETNAM_TRAVEL,,https://vietnam.travel/things-to-do/hon-ong-island-secluded-coral-haven-van-phong-bay,Khác,,0,needs_review,Khác,,0,needs_review,,,
VIETNAM_TRAVEL_787daaf22b4e,VIETNAM_TRAVEL,,https://vietnam.travel/things-to-do/vietnams-magical-mid-autumn-festival,Khác,,0,needs_review,Lễ hội - sự kiện,festival,3,auto,,,
VIETNAM_TRAVEL_5efba4ab84ee,VIETNAM_TRAVEL,,https://vietnam.travel/things-to-do/top-festivals-vietnam,Khác,,0,needs_review,Lễ hội - sự kiện,festival,1,auto,,,
VIETNAM_TRAVEL_5b912db798ba,VIETNAM_TRAVEL,,https://vietnam.travel/things-to-do/tet-vietnam-lunar-new-year,Khác,,0,needs_review,Ẩm thực,food,1,auto,,,
VIETNAM_TRAVEL_8ff68371f9a5,VIETNAM_TRAVEL,,https://vietnam.travel/places-to-go/central-vietnam/phu-yen,Khác,,0,needs_review,Biển - đảo,"beach, đảo",5,auto,,,
VIETNAM_TRAVEL_947503157206,VIETNAM_TRAVEL,,https://vietnam.travel/things-to-do/my-hcmc-nam,TP. Hồ Chí Minh,"hồ chí minh, ho chi minh",4,auto,Ẩm thực,"food, coffee",2,needs_review,,,
VIETNAM_TRAVEL_bede3d0c571d,VIETNAM_TRAVEL,,https://vietnam.travel/things-to-do/my-danang-mai-thuy-tram,TP. Hồ Chí Minh,"hồ chí minh, ho chi minh",2,needs_review,Lễ hội - sự kiện,event,1,auto,,,
VIETNAM_TRAVEL_bb43331f361d,VIETNAM_TRAVEL,,https://vietnam.travel/things-to-do/my-dalat-phu-nguyen,Khác,,0,needs_review,Ẩm thực,coffee,1,auto,,,
VIETNAM_TRAVEL_d60e105a473b,VIETNAM_TRAVEL,,https://vietnam.travel/things-to-do/my-sapa-ly-thy-ker,Sa Pa,sapa,2,auto,Khác,,0,needs_review,,,
VIETNAM_TRAVEL_251d2f8d3bb4,VIETNAM_TRAVEL,,https://vietnam.travel/things-to-do/my-nha-trang-tk-nguyen,Nha Trang,nha trang,1,auto,Khác,,0,needs_review,,,
VIETNAM_TRAVEL_4bbc1b5bf36c,VIETNAM_TRAVEL,,https://vietnam.travel/things-to-do/my-ha-noi-maia-do,Hà Nội,hanoi,1,auto,Khác,,0,needs_review,,,
VIETNAM_TRAVEL_721e559f45a4,VIETNAM_TRAVEL,,https://vietnam.travel/things-to-do/my-mui-ne-tom-pham,Mũi Né,"mũi né, mui ne",4,needs_review,Khác,,0,needs_review,,,
VIETNAM_TRAVEL_8652de99916b,VIETNAM_TRAVEL,,https://vietnam.travel/things-to-do/my-hoi-an,Hội An,"hội an, hoi an",2,auto,Khác,,0,needs_review,,,
VIETNAM_TRAVEL_01ac417bcf69,VIETNAM_TRAVEL,,https://vietnam.travel/things-to-do/my-ninh-binh,Ninh Bình,"ninh bình, ninh binh",6,needs_review,Khác,,0,needs_review,,,
