portal_province,portal_home,source_url
Quảng Ninh,https://dulich.quangninh.gov.vn/,https://dulich.quangninh.gov.vn/Trang/ChiTietTinTuc.aspx?nid=5910
Quảng Ninh,https://dulich.quangninh.gov.vn/,https://dulich.quangninh.gov.vn/Trang/ChiTietTinTuc.aspx?nid=5911
Quảng Ninh,https://dulich.quangninh.gov.vn/,https://dulich.quangninh.gov.vn/Trang/ChiTietTinTuc.aspx?nid=5908
Quảng Ninh,https://dulich.quangninh.gov.vn/,https://dulich.quangninh.gov.vn/Trang/ChiTietTinTuc.aspx?nid=5907
Quảng Ninh,https://dulich.quangninh.gov.vn/,https://dulich.quangninh.gov.vn/Trang/ChiTietTinTuc.aspx?nid=5906
Quảng Ninh,https://dulich.quangninh.gov.vn/,https://dulich.quangninh.gov.vn/Trang/ChiTietTinTuc.aspx?nid=17
Quảng Ninh,https://dulich.quangninh.gov.vn/,https://dulich.quangninh.gov.vn/Trang/ChiTietTinTuc.aspx?nid=3587
Quảng Ninh,https://dulich.quangninh.gov.vn/,https://dulich.quangninh.gov.vn/Trang/ChiTietTinTuc.aspx?nid=4179
Quảng Ninh,https://dulich.quangninh.gov.vn/,https://dulich.quangninh.gov.vn/Trang/ChiTietTinTuc.aspx?nid=5879
Quảng Ninh,https://dulich.quangninh.gov.vn/,https://dulich.quangninh.gov.vn/Trang/ChiTietTinTuc.aspx?nid=3887
Quảng Ninh,https://dulich.quangninh.gov.vn/,https://dulich.quangninh.gov.vn/Trang/ChiTietTinTuc.aspx?nid=2042
Quảng Ninh,https://dulich.quangninh.gov.vn/,https://dulich.quangninh.gov.vn/Trang/ChiTietTinTuc.aspx?nid=2003
Quảng Ninh,https://dulich.quangninh.gov.vn/,https://dulich.quangninh.gov.vn/Trang/ChiTietTinTuc.aspx?nid=4251
Quảng Ninh,https://dulich.quangninh.gov.vn/,https://dulich.quangninh.gov.vn/Trang/ChiTietTinTuc.aspx?nid=5898
Quảng Ninh,https://dulich.quangninh.gov.vn/,https://dulich.quangninh.gov.vn/Trang/ChiTietTinTuc.aspx?nid=5871
Quảng Ninh,https://dulich.quangninh.gov.vn/,https://dulich.quangninh.gov.vn/Trang/ChiTietTinTuc.aspx?nid=5838
Quảng Ninh,https://dulich.quangninh.gov.vn/,https://dulich.quangninh.gov.vn/Trang/ChiTietTinTuc.aspx?nid=5903
Quảng Ninh,https://dulich.quangninh.gov.vn/,https://dulich.quangninh.gov.vn/Trang/ChiTietTinTuc.aspx?nid=5657
Quảng Ninh,https://dulich.quangninh.gov.vn/,https://dulich.quangninh.gov.vn/Trang/ChiTietTinTuc.aspx?nid=5536
Quảng Ninh,https://dulich.quangninh.gov.vn/,https://dulich.quangninh.gov.vn/Trang/ChiTietTinTuc.aspx?nid=5222
Ninh Bình,https://visitninhbinh.com.vn/,https://visitninhbinh.com.vn/vi/thong-tin-du-lich-can-biet-tai-ninh-binh
Ninh Bình,https://visitninhbinh.com.vn/,https://visitninhbinh.com.vn/vi/thong-tin-du-lich-can-thiet/di-chuyen-quanh-ha-nam
Ninh Bình,https://visitninhbinh.com.vn/,http://visitninhbinh.com.vn/vi/xem-gi-lam-gi/thien-nhien-629
Ninh Bình,https://visitninhbinh.com.vn/,http://visitninhbinh.com.vn/vi/xem-gi-lam-gi/giai-tri-thu-gian-628
Ninh Bình,https://visitninhbinh.com.vn/,http://visitninhbinh.com.vn/vi/xem-gi-lam-gi/van-hoa-627
Ninh Bình,https://visitninhbinh.com.vn/,https://visitninhbinh.com.vn/vi/sun-world-ha-nam
Ninh Bình,https://visitninhbinh.com.vn/,https://visitninhbinh.com.vn/vi/chua-tam-chuc-2218
Ninh Bình,https://visitninhbinh.com.vn/,https://visitninhbinh.com.vn/vi/den-tran-thuong-2142
Ninh Bình,https://visitninhbinh.com.vn/,https://visitninhbinh.com.vn/vi/lang-nghe-det-lua-nha-xa-2226
Ninh Bình,https://visitninhbinh.com.vn/,https://visitninhbinh.com.vn/vi/vuong-cung-thanh-duong-so-kien-2224
Ninh Bình,https://visitninhbinh.com.vn/,http://visitninhbinh.com.vn/vi/an-uong/am-thuc-dia-phuong-613
Ninh Bình,https://visitninhbinh.com.vn/,http://visitninhbinh.com.vn/vi/an-uong-583
Ninh Bình,https://visitninhbinh.com.vn/,https://visitninhbinh.com.vn/vi/kham-pha-am-thuc-ninh-binh-huong-vi-dac-san-niu-chan-du-khach-6949
Ninh Bình,https://visitninhbinh.com.vn/,https://visitninhbinh.com.vn/vi/ca-ro-tong-truong-dac-san-tien-vua-thom-ngon-6340
Ninh Bình,https://visitninhbinh.com.vn/,https://visitninhbinh.com.vn/vi/oc-nui-ninh-binh-mon-an-vi-thuoc-giau-dinh-duong-6358
Ninh Bình,https://visitninhbinh.com.vn/,https://visitninhbinh.com.vn/vi/kham-pha-quan-the-di-tich-co-do-hoa-lu-chi-tiet-tu-a-z-6356
Ninh Bình,https://visitninhbinh.com.vn/,https://visitninhbinh.com.vn/vi/nem-chua-yen-mac-voi-xuat-xu-cung-dinh-lam-say-dam-bao-thuc-khach-6334
Ninh Bình,https://visitninhbinh.com.vn/,https://visitninhbinh.com.vn/vi/ruou-kim-son-ninh-binh-dac-san-truyen-thong-ninh-binh-6342
Ninh Bình,https://visitninhbinh.com.vn/,https://visitninhbinh.com.vn/vi/ruou-can-nho-quan-thom-nong-lam-say-dam-bao-thuc-khach-ninh-binh-6344
Ninh Bình,https://visitninhbinh.com.vn/,https://visitninhbinh.com.vn/vi/dac-san-mien-luon-ninh-binh-tru-danh-khien-ai-an-cung-nho-6331
Thanh Hóa,https://thanhhoa.travel/,https://thanhhoa.travel/them-nhieu-trai-nghiem-t%E1%BB%AB-du-lich-xanh.html
Thanh Hóa,https://thanhhoa.travel/,https://thanhhoa.travel/khi-du-lich-tro-thanh-nhip-cau-van-hoa-ket-noi-cac-%C4%91ia-phuong.html
Thanh Hóa,https://thanhhoa.travel/,https://thanhhoa.travel/sac-mau-van-hoa-dan-toc-o-cac-khu-du-lich-sinh-thai-cong-%C4%91ong.html
Thanh Hóa,https://thanhhoa.travel/,https://thanhhoa.travel/giu-moi-truong-xanh---nen-tang-du-lich-ben-vung.html
Thanh Hóa,https://thanhhoa.travel/,https://thanhhoa.travel/thanh-hoa-ban-hanh-ke-hoach-%C4%91ay-nhanh-giai-phong-mat-bang-cac-du-an-%C4%91au-tu-nam-2026.html
Thanh Hóa,https://thanhhoa.travel/,https://thanhhoa.travel/kinh-nghiem-trekking-chinh-phuc-%C4%91inh-pu-luong.html
Thanh Hóa,https://thanhhoa.travel/,https://thanhhoa.travel/vuon-quoc-gia-xuan-lien---niem-tu-hao-cua-xu-thanh.html
Thanh Hóa,https://thanhhoa.travel/,https://thanhhoa.travel/phat-huy-gia-tri-di-tich-lich-su--danh-lam-thang-canh-quoc-gia-%C4%91ia-%C4%91iem-khoi-nghia-ba-trieu.html
Thanh Hóa,https://thanhhoa.travel/,https://thanhhoa.travel/hop-tac-du-lich--van-hoa-viet-nam-%E2%80%93-han-quoc-buoc-vao-giai-%C4%91oan-phat-trien-vuot-bac.html
Thanh Hóa,https://thanhhoa.travel/,https://thanhhoa.travel/thang-%C4%91au-tien-trong-nam--viet-nam-%C4%91on-tren-1-trieu-khach-quoc-te.html
Thanh Hóa,https://thanhhoa.travel/,https://thanhhoa.travel/khach-quoc-te-%C4%91en-viet-nam-tang-12-6-lan-trong-5-thang-nam-2023.html
Thanh Hóa,https://thanhhoa.travel/,https://thanhhoa.travel/tong-cuc-du-lich-khuyen-cao-khi-%C4%91i-du-lich-%C4%91en-hong-cong.html
Thanh Hóa,https://thanhhoa.travel/,https://thanhhoa.travel/thanh-hoa-phe-duyet-du-ankhu-di%CC%A3ch-vu%CC%A3-thuong-maiva-cap-treo-am-tien-gan-3-000-ty-%C4%91ong.html
Thanh Hóa,https://thanhhoa.travel/,https://thanhhoa.travel/%C4%91oi-moi-cong-tac-quang-ba-du-lich-trong-thoi-%C4%91ai-cong-nghe-so.html
Thanh Hóa,https://thanhhoa.travel/,https://thanhhoa.travel/lien-hoan-van-hoa-am-thuc-xu-thanh-nam-2024-%C4%91e-lai-an-tuong-trong-long-du-khach.html
Huế,https://visithue.vn/,https://visithue.vn/su-kien/chi-tiet/?pid=MjQxNnxjc2RsZGw1
Huế,https://visithue.vn/,https://visithue.vn/su-kien/chi-tiet/?pid=MjQxN3xjc2RsZGw1
Huế,https://visithue.vn/,https://visithue.vn/su-kien/chi-tiet/?pid=MjQxN3xjc2RsZGw1&hue-wonderverse-fest-2026
Huế,https://visithue.vn/,https://visithue.vn/su-kien/chi-tiet/?pid=MjQxNnxjc2RsZGw1&chuong-trinh-hue-kinh-do-am-thuc-2026-voi-chu-de-“ngay-bun-bo-hue”
Huế,https://visithue.vn/,https://visithue.vn/su-kien/chi-tiet/?pid=MjQxM3xjc2RsZGw1&“vy-da-chao-he-2026-–-water-summer-fest”
Huế,https://visithue.vn/,https://visithue.vn/su-kien/chi-tiet/?pid=MjQxNHxjc2RsZGw1&chuong-trinh-“cho-que-ngay-hoi”-nam-2026-phuong-thanh-thuy
Huế,https://visithue.vn/,https://visithue.vn/su-kien/chi-tiet/?pid=MjQwOHxjc2RsZGw1&tuan-le-am-nhac-quoc-te-hue-2026
Huế,https://visithue.vn/,https://visithue.vn/su-kien/chi-tiet/?pid=MjQxMnxjc2RsZGw1&chuong-trinh-lang-co-vinh-dep-the-gioi-nam-2026
Huế,https://visithue.vn/,https://visithue.vn/su-kien/chi-tiet/?pid=MjQxMXxjc2RsZGw1&ngay-hoi-ky-uc-tuoi-tho-trong-long-pho-co
Huế,https://visithue.vn/,https://visithue.vn/su-kien/chi-tiet/?pid=MjQwOXxjc2RsZGw1&le-hoi-am-thuc-chay-festival-hue-2026
Huế,https://visithue.vn/,https://visithue.vn/hue-quang-ba-van-hoa-am-thuc -lang-nghe-tai-seoul-thuc-day-hop-tac-du-lich-va-ket-noi-hang-khong-voi-han-quoc/?pid=MjUxNTd8Y3NkbGRs0
Huế,https://visithue.vn/,https://visithue.vn/doan-cong-tac-thanh-pho-hue-lam-viec-voi-tap-doan-shinsang-han-quoc-thuc-day-hop-tac-phat-trien-du-lich-y-te-va-cong-nghe-sinh-hoc/?pid=MjUxNTZ8Y3NkbGRs0
Huế,https://visithue.vn/,https://visithue.vn/hue-wonderverse-fest-2026-su-kien-quy-mo-nhat-tai-hue-tu-truoc-den-nay/?pid=MjUxNTR8Y3NkbGRs0
Huế,https://visithue.vn/,https://visithue.vn/di-san-vang-son-hanh-trinh-kham-pha-ve-dep-cung-dinh-hue-qua-nhung-bao-vat-quy-hiem/?pid=MjUxNTN8Y3NkbGRs0
Huế,https://visithue.vn/,https://visithue.vn/ngay-bun-bo-hue-se-dien-ra-tu-23-26-7-2026-tai-cong-vien-thuong-bac-ben-bo-song-huong-tho-mong/?pid=MjUxNTB8Y3NkbGRs0
Huế,https://visithue.vn/,https://visithue.vn/cuoc-thi-nhiep-anh-hue-kinh-do-xua-trai-nghiem-moi-gom-16-giai-thuong-voi-tong-gia-tri-91-trieu-dong/?pid=MjUxNDl8Y3NkbGRs0
Huế,https://visithue.vn/,https://visithue.vn/hang-tram-nguoi-tham-gia-chuong-trinh-dap-xe-vi-moi-truong-voi-chu-de-ao-dai-qua-pho-nam-2026/?pid=MjUxNDV8Y3NkbGRs0
Huế,https://visithue.vn/,https://visithue.vn/doan-kols-den-tu-nuoc-y-khao-sat-trai-nghiem-cac-san-pham-du-lich-dich-vu-tai-hue/?pid=MjUxMzh8Y3NkbGRs0
Huế,https://visithue.vn/,https://visithue.vn/ket-noi-di-san-va-y-te-huong-di-moi-cho-du-lich-hue/?pid=MjUxMzl8Y3NkbGRs0
Huế,https://visithue.vn/,https://visithue.vn/cuoc-thi-anh-nghe-thuat-hue-kinh-do-xua-trai-nghiem-moi-bat-dau-nhan-anh-tu-ngay-15-7-den-ngay-15-9-2026/?pid=MjUxMzN8Y3NkbGRs0
Đà Nẵng,https://danangfantasticity.com/,https://danangfantasticity.com/logo-va-slogan-du-lich-da-nang
Đà Nẵng,https://danangfantasticity.com/,https://danangfantasticity.com/danh-muc/du-lich-sinh-thai-cong-dong?id=12405
Đà Nẵng,https://danangfantasticity.com/,https://danangfantasticity.com/vi/kham-pha/gia-ve-va-lich-thi-dau-le-hoi-phao-hoa-diff-2026
Đà Nẵng,https://danangfantasticity.com/,https://danangfantasticity.com/vi/tan-huong-diem-tham-quan/kham-pha-ve-dep-tu-nhien-cua-thanh-pho-da-nang
Đà Nẵng,https://danangfantasticity.com/,https://danangfantasticity.com/vi/tan-huong-diem-tham-quan/trai-nghiem-nen-van-hoa-va-di-san-phong-phu
Đà Nẵng,https://danangfantasticity.com/,https://danangfantasticity.com/vi/5-sao-vi/the-five-villas-resort-quangnam-danang
Đà Nẵng,https://danangfantasticity.com/,https://danangfantasticity.com/vi/5-sao-vi/sheraton-grand-danang-resort-convention-center
Đà Nẵng,https://danangfantasticity.com/,https://danangfantasticity.com/vi/5-sao-vi/crowne-plaza-danang-city-centre
Đà Nẵng,https://danangfantasticity.com/,https://danangfantasticity.com/vi/5-sao-vi/hotel-royal-hoi-an-gallery
Đà Nẵng,https://danangfantasticity.com/,https://danangfantasticity.com/vi/5-sao-vi/wyndham-hoi-an-royal-beachfront-resort-villas
Đà Nẵng,https://danangfantasticity.com/,https://danangfantasticity.com/vi/5-sao-vi/hoi-an-memories-resort-spa
Đà Nẵng,https://danangfantasticity.com/,https://danangfantasticity.com/vi/5-sao-vi/radisson-red-thuong-hieu-khach-san-tre-trung-va-doc-dao-chon-da-nang-lam-diem-den-dau-tien-tai-dong-nam-a
Đà Nẵng,https://danangfantasticity.com/,https://danangfantasticity.com/vi/5-sao-vi/fusion-resort-villas-da-nang-chinh-thuc-khai-truong
Đà Nẵng,https://danangfantasticity.com/,https://danangfantasticity.com/vi/5-sao-vi/four-points-by-sheraton-danang
Đà Nẵng,https://danangfantasticity.com/,https://danangfantasticity.com/vi/khuyen-mai/hanh-trinh-ho-chieu-tai-aeon-mall-da-nang
Đà Nẵng,https://danangfantasticity.com/,https://danangfantasticity.com/vi/kham-pha/da-nang-chef-battle-2026-khi-nh%e1%bb%afng-%c4%91%e1%ba%a7u-b%e1%ba%bfp-t%c3%a0i-n%c4%83ng-h%e1%bb%99i-t%e1%bb%a5-trong-m%e1%bb%99t-%c4%91%c3%aam-tranh-t%c3%a0i
Đà Nẵng,https://danangfantasticity.com/,https://danangfantasticity.com/vi/kham-pha/sheraton-grand-danang-kien-tao-ky-nghi-nang-dong-cho-moi-the-he
Đà Nẵng,https://danangfantasticity.com/,https://danangfantasticity.com/vi/kham-pha/m%c3%b9a-h%c3%a8-%c4%91a-tr%e1%ba%a3i-nghi%e1%bb%87m-c%c3%b9ng-hyatt-regency-danang-resort-and-spa
Đà Nẵng,https://danangfantasticity.com/,https://danangfantasticity.com/vi/khuyen-mai/du-l%e1%bb%8bch-bi%e1%bb%83n-%c4%91%c3%a0-n%e1%ba%b5ng-t%c4%83ng-nhi%e1%bb%87t-m%c3%b9a-diff-kh%c3%a1ch-s%e1%ba%a1n-05-sao-%c4%91%e1%ba%a9y-m%e1%ba%a1nh-k%e1%bb%b3-ngh%e1%bb%89-tr%e1%bb%8dn-g%c3%b3i
Đà Nẵng,https://danangfantasticity.com/,https://danangfantasticity.com/vi/khuyen-mai/uu-dai-chao-he-khi-dat-phong-som-tai-the-five-villas-resort-quangnam-danang
Quảng Nam,https://quangnamtourism.com.vn/,https://quangnamtourism.com.vn/tour/tour-da-nang-quang-nam/
Quảng Nam,https://quangnamtourism.com.vn/,https://quangnamtourism.com.vn/tour-vinwonders-nam-hoi-an/
Quảng Nam,https://quangnamtourism.com.vn/,https://quangnamtourism.com.vn/tour-ly-son-2-ngay-1-dem/
Quảng Nam,https://quangnamtourism.com.vn/,https://quangnamtourism.com.vn/tour-han-quoc-tu-da-nang/
Quảng Nam,https://quangnamtourism.com.vn/,https://quangnamtourism.com.vn/tour-nhat-ban-tu-da-nang/
Quảng Nam,https://quangnamtourism.com.vn/,https://quangnamtourism.com.vn/tour-thai-lan-tu-da-nang/
Quảng Nam,https://quangnamtourism.com.vn/,https://quangnamtourism.com.vn/tour-singapore-malaysia-tu-da-nang/
Quảng Nam,https://quangnamtourism.com.vn/,https://quangnamtourism.com.vn/bai-lang-cu-lao-cham/
Quảng Nam,https://quangnamtourism.com.vn/,https://quangnamtourism.com.vn/khu-du-lich-sinh-thai-thuan-tinh/
Quảng Nam,https://quangnamtourism.com.vn/,https://quangnamtourism.com.vn/gia-ve-rung-dua-bay-mau/
Quảng Nam,https://quangnamtourism.com.vn/,https://quangnamtourism.com.vn/khu-du-lich-sinh-thai-triem-tay-hoi-an/
Quảng Nam,https://quangnamtourism.com.vn/,https://quangnamtourism.com.vn/cam-trai-cu-lao-cham/
Quảng Nam,https://quangnamtourism.com.vn/,https://quangnamtourism.com.vn/lang-moc-kim-bong/
Quảng Nam,https://quangnamtourism.com.vn/,https://quangnamtourism.com.vn/lang-gom-thanh-ha/
Quảng Nam,https://quangnamtourism.com.vn/,https://quangnamtourism.com.vn/suoi-tien-quang-nam/
Quảng Nam,https://quangnamtourism.com.vn/,https://quangnamtourism.com.vn/lang-rau-tra-que/
Quảng Nam,https://quangnamtourism.com.vn/,https://quangnamtourism.com.vn/cho-dem-hoi-an/
Quảng Nam,https://quangnamtourism.com.vn/,https://quangnamtourism.com.vn/cho-hoi-an/
Quảng Nam,https://quangnamtourism.com.vn/,https://quangnamtourism.com.vn/cho-tan-hiep-cu-lao-cham/
Quảng Nam,https://quangnamtourism.com.vn/,https://quangnamtourism.com.vn/homestay-hoi-an/
Lâm Đồng,https://visitlamdong.vn/,https://visitlamdong.vn/vi/caonguyenhoadalat
Lâm Đồng,https://visitlamdong.vn/,https://visitlamdong.vn/vi/rapchieuphimcinedl
Lâm Đồng,https://visitlamdong.vn/,https://visitlamdong.vn/vi/tourdetail/?tourid=10205
Cần Thơ,https://canthotourism.vn/,https://canthotourism.vn/vi/detailnews/?t=soi-noi-cho-hoa-xuan-binh-ngo-nam-2026-tai-khu-van-hoa-ho-nuoc-ngot-phuong-soc-trang&id=heritage_1152
Cần Thơ,https://canthotourism.vn/,https://canthotourism.vn/vi/detailnews/?t=khai-mac-chuong-trinh-sac-xuan-miet-vuon-va-cong-vien-sach-xuan-binh-ngo-2026&id=heritage_1151
Cần Thơ,https://canthotourism.vn/,https://canthotourism.vn/vi/detailnews/?t=can-tho-but-pha-thanh-dau-tau-du-lich-lien-vung&id=heritage_1137
Cần Thơ,https://canthotourism.vn/,https://canthotourism.vn/vi/detailnews/?t=le-hoi-ooc-om-boc-dua-ghe-ngo-thanh-pho-can-tho-nam-2025-lan-toa-ban-sac-van-hoa-khmer-va-quang-ba-du-lich-dia-phuong&id=heritage_1131
Cần Thơ,https://canthotourism.vn/,https://canthotourism.vn/vi/detailnews/?t=can-tho-to-chuc-le-hoi-ooc-om-boc-dua-ghe-ngo-nam-2025&id=heritage_1129
Cần Thơ,https://canthotourism.vn/,https://canthotourism.vn/vi/detailnews/?t=trai-nghiem-lang-sinh-thai-da-noi-hoi-tho-mien-tay-giua-long-thanh-pho-can-tho&id=nspirituality_138
Cần Thơ,https://canthotourism.vn/,https://canthotourism.vn/vi/detailnews/?t=vuon-nho-thanh-binh-trong-long-tay-do&id=nspirituality_137
Cần Thơ,https://canthotourism.vn/,https://canthotourism.vn/vi/detailnews/?t=mot-so-diem-du-lich-tren-dia-ban-huyen-vinh-thanh&id=nspirituality_133
Cần Thơ,https://canthotourism.vn/,https://canthotourism.vn/vi/detailnews/?t=trai-nghiem-ky-nghi-he-02-ngay-01-dem-tai-can-tho&id=nspirituality_132
Cần Thơ,https://canthotourism.vn/,https://canthotourism.vn/vi/detailnews/?t=wink-hotel-can-tho-bat-song-mo-hinh-beer-garden-dan-dau-xu-huong-fb&id=nspirituality_131
Cần Thơ,https://canthotourism.vn/,https://canthotourism.vn/vi/detailnews/?t=ve-mien-tay-can-tho-dip-le-quoc-khanh-di-dau-an-gi&id=nspirituality_130
Cần Thơ,https://canthotourism.vn/,https://canthotourism.vn/vi/detailnews/?t=diem-den-sinh-thai-teambuilding-dia-ban-quan-binh-thuy&id=nspirituality_127
Cần Thơ,https://canthotourism.vn/,https://canthotourism.vn/vi/detailnews/?t=talison-con-son-nha-hang-be-noi-dau-tien-tai-thanh-pho-can-tho&id=nspirituality_119
Cần Thơ,https://canthotourism.vn/,https://canthotourism.vn/vi/detailnews/?t=charmant-suites-a-boutique-hotel-can-tho-khach-san-moi-voi-kien-truc-doc-dao-tai-can-tho&id=nspirituality_118
Cần Thơ,https://canthotourism.vn/,https://canthotourism.vn/vi/detailnews/?t=kara-homestay-cafe-noi-trai-nghiem-day-mau-sac-va-da-chieu&id=nspirituality_117
Cần Thơ,https://canthotourism.vn/,https://canthotourism.vn/vi/detailnews/?t=wink-hotel-can-tho-khach-san-xanh-ben-vung-tan-thoi&id=nspirituality_116
Cần Thơ,https://canthotourism.vn/,https://canthotourism.vn/vi/detailnews/?t=puka-coffee-tea-bung-no-dien-mao-moi-chao-don-ngay-tro-lai&id=nspirituality_115
Cần Thơ,https://canthotourism.vn/,https://canthotourism.vn/vi/detailnews/?t=nine-homestay-noi-binh-yen-ben-rang-dua&id=nspirituality_114
Cần Thơ,https://canthotourism.vn/,https://canthotourism.vn/vi/detailnews/?t=da-dang-du-lich-cam-trai-tai-can-tho&id=nspirituality_113
Cần Thơ,https://canthotourism.vn/,https://canthotourism.vn/vi/detailnews/?t=vo-song-farm-mien-ky-uc-que-huong&id=nspirituality_112
